1776553416,chronyd,0
1776553446,chronyd,0
1776553476,chronyd,0
1776553506,chronyd,0
1776553536,chronyd,0
1776553566,chronyd,0
1776553596,chronyd,0
1776553626,chronyd,0
1776553656,chronyd,0
1776553686,chronyd,0
1776553716,chronyd,0
1776553746,chronyd,0
1776553776,chronyd,0
1776553806,chronyd,0
1776553836,chronyd,0
1776553866,chronyd,0.017972727272727272
1776553896,chronyd,0.017972727272727272
1776553926,chronyd,0
1776553956,chronyd,0
1776553986,chronyd,0
1776554016,chronyd,0
1776554046,chronyd,0
1776554076,chronyd,0
1776554106,chronyd,0
1776554136,chronyd,0
1776554166,chronyd,0
1776554196,chronyd,0
1776554226,chronyd,0
1776554256,chronyd,0
1776554286,chronyd,0
1776554316,chronyd,0
1776554346,chronyd,0
1776554376,chronyd,0
1776554406,chronyd,0
1776554436,chronyd,0
1776554466,chronyd,0
1776554496,chronyd,0
1776554526,chronyd,0
1776554556,chronyd,0
1776554586,chronyd,0
1776554616,chronyd,0
1776554646,chronyd,0
1776554676,chronyd,0
1776554706,chronyd,0
1776554736,chronyd,0
1776554766,chronyd,0
1776554796,chronyd,0
1776554826,chronyd,0
1776554856,chronyd,0
1776554886,chronyd,0
1776554916,chronyd,0
1776554946,chronyd,0
1776554976,chronyd,0
1776555006,chronyd,0
1776555036,chronyd,0
1776555066,chronyd,0
1776555096,chronyd,0
1776555126,chronyd,0
1776555156,chronyd,0
1776555186,chronyd,0
1776555216,chronyd,0
1776555246,chronyd,0
1776555276,chronyd,0
1776555306,chronyd,0
1776555336,chronyd,0
1776555366,chronyd,0
1776555396,chronyd,0
1776555426,chronyd,0
1776555456,chronyd,0
1776555486,chronyd,0
1776555516,chronyd,0
1776555546,chronyd,0
1776555576,chronyd,0
1776555606,chronyd,0
1776555636,chronyd,0
1776555666,chronyd,0
1776555696,chronyd,0
1776555726,chronyd,0
1776555756,chronyd,0
1776555786,chronyd,0
1776555816,chronyd,0
1776555846,chronyd,0
1776555876,chronyd,0
1776555906,chronyd,0
1776555936,chronyd,0.01818181818181818
1776555966,chronyd,0.01818181818181818
1776555996,chronyd,0
1776556026,chronyd,0
1776556056,chronyd,0
1776556086,chronyd,0
1776556116,chronyd,0
1776556146,chronyd,0
1776556176,chronyd,0
1776556206,chronyd,0
1776556236,chronyd,0
1776556266,chronyd,0
1776556296,chronyd,0
1776556326,chronyd,0
1776556356,chronyd,0
1776556386,chronyd,0
1776556416,chronyd,0
1776556446,chronyd,0
1776556476,chronyd,0
1776556506,chronyd,0
1776556536,chronyd,0
1776556566,chronyd,0
1776556596,chronyd,0
1776556626,chronyd,0
1776556656,chronyd,0
1776556686,chronyd,0
1776556716,chronyd,0
1776556746,chronyd,0
1776556776,chronyd,0
1776556806,chronyd,0
1776556836,chronyd,0
1776553416,chronyd,0
1776553446,chronyd,0
1776553476,chronyd,0
1776553506,chronyd,0
1776553536,chronyd,0
1776553566,chronyd,0
1776553596,chronyd,0
1776553626,chronyd,0
1776553656,chronyd,0
1776553686,chronyd,0
1776553716,chronyd,0
1776553746,chronyd,0
1776553776,chronyd,0
1776553806,chronyd,0
1776553836,chronyd,0
1776553866,chronyd,0
1776553896,chronyd,0
1776553926,chronyd,0
1776553956,chronyd,0
1776553986,chronyd,0
1776554016,chronyd,0
1776554046,chronyd,0
1776554076,chronyd,0
1776554106,chronyd,0
1776554136,chronyd,0
1776554166,chronyd,0
1776554196,chronyd,0
1776554226,chronyd,0
1776554256,chronyd,0
1776554286,chronyd,0
1776554316,chronyd,0
1776554346,chronyd,0
1776554376,chronyd,0
1776554406,chronyd,0
1776554436,chronyd,0
1776554466,chronyd,0
1776554496,chronyd,0
1776554526,chronyd,0
1776554556,chronyd,0
1776554586,chronyd,0
1776554616,chronyd,0
1776554646,chronyd,0
1776554676,chronyd,0
1776554706,chronyd,0
1776554736,chronyd,0
1776554766,chronyd,0
1776554796,chronyd,0
1776554826,chronyd,0
1776554856,chronyd,0
1776554886,chronyd,0
1776554916,chronyd,0.017972727272727272
1776554946,chronyd,0
1776554976,chronyd,0
1776555006,chronyd,0
1776555036,chronyd,0
1776555066,chronyd,0
1776555096,chronyd,0
1776555126,chronyd,0
1776555156,chronyd,0
1776555186,chronyd,0
1776555216,chronyd,0
1776555246,chronyd,0
1776555276,chronyd,0
1776555306,chronyd,0
1776555336,chronyd,0
1776555366,chronyd,0
1776555396,chronyd,0
1776555426,chronyd,0
1776555456,chronyd,0
1776555486,chronyd,0
1776555516,chronyd,0
1776555546,chronyd,0
1776555576,chronyd,0
1776555606,chronyd,0
1776555636,chronyd,0
1776555666,chronyd,0
1776555696,chronyd,0
1776555726,chronyd,0
1776555756,chronyd,0
1776555786,chronyd,0
1776555816,chronyd,0
1776555846,chronyd,0
1776555876,chronyd,0
1776555906,chronyd,0
1776555936,chronyd,0
1776555966,chronyd,0
1776555996,chronyd,0
1776556026,chronyd,0
1776556056,chronyd,0
1776556086,chronyd,0
1776556116,chronyd,0
1776556146,chronyd,0
1776556176,chronyd,0
1776556206,chronyd,0
1776556236,chronyd,0
1776556266,chronyd,0
1776556296,chronyd,0
1776556326,chronyd,0
1776556356,chronyd,0
1776556386,chronyd,0
1776556416,chronyd,0
1776556446,chronyd,0
1776556476,chronyd,0
1776556506,chronyd,0
1776556536,chronyd,0
1776556566,chronyd,0
1776556596,chronyd,0
1776556626,chronyd,0
1776556656,chronyd,0
1776556686,chronyd,0
1776556716,chronyd,0
1776556746,chronyd,0
1776556776,chronyd,0
1776556806,chronyd,0
1776556836,chronyd,0
1776553416,mysqld,0.6786133333333333
1776553446,mysqld,0.890909090909091
1776553476,mysqld,0.8363636363636366
1776553506,mysqld,0.8181818181818185
1776553536,mysqld,0.2545454545454548
1776553566,mysqld,0.16363636363636377
1776553596,mysqld,0.8363636363636366
1776553626,mysqld,0.90909090909091
1776553656,mysqld,1.727272727272728
1776553686,mysqld,2.1818181818181825
1776553716,mysqld,2.1999999999999997
1776553746,mysqld,2.1090909090909085
1776553776,mysqld,1.9636363636363636
1776553806,mysqld,1.9818181818181784
1776553836,mysqld,1.9818181818181815
1776553866,mysqld,1.0363636363636368
1776553896,mysqld,0.20000000000000057
1776553926,mysqld,0.6909090909090907
1776553956,mysqld,1.3454545454545475
1776553986,mysqld,2.381818181818181
1776554016,mysqld,4.054545454545455
1776554046,mysqld,5.454545454545454
1776554076,mysqld,6.836363636363639
1776554106,mysqld,8.181818181818192
1776554136,mysqld,9.490909090909094
1776554166,mysqld,10.745454545454539
1776554196,mysqld,11.27272727272727
1776554226,mysqld,11.727272727272725
1776554256,mysqld,12.418181818181814
1776554286,mysqld,13.018181818181823
1776554316,mysqld,13.727272727272746
1776554346,mysqld,14.672727272727274
1776554376,mysqld,15.34545454545454
1776554406,mysqld,15.636363636363626
1776554436,mysqld,15.872727272727266
1776554466,mysqld,15.963636363636367
1776554496,mysqld,15.98181818181822
1776554526,mysqld,16.290909090909107
1776554556,mysqld,14.43636363636363
1776554586,mysqld,8.109090909090897
1776554616,mysqld,1.8909090909091022
1776554646,mysqld,0.1272727272727407
1776554676,mysqld,1.0727272727273047
1776554706,mysqld,3.3818181818182067
1776554736,mysqld,7.418181818181763
1776554766,mysqld,10.50909090909086
1776554796,mysqld,12.436363636363616
1776554826,mysqld,13.854545454545436
1776554856,mysqld,15.745454545454566
1776554886,mysqld,18.072727272727292
1776554916,mysqld,19.50909090909097
1776554946,mysqld,20.01818181818185
1776554976,mysqld,20.236363636363603
1776555006,mysqld,20.399999999999917
1776555036,mysqld,20.127272727272636
1776555066,mysqld,20.090909090909058
1776555096,mysqld,20.63636363636368
1776555126,mysqld,20.74545454545454
1776555156,mysqld,21.09090909090908
1776555186,mysqld,20.763636363636394
1776555216,mysqld,20.81818181818185
1776555246,mysqld,20.072727272727363
1776555276,mysqld,12.454545454545496
1776555306,mysqld,1.927272727272628
1776555336,mysqld,0.6545454545453759
1776555366,mysqld,5.8181818181818485
1776555396,mysqld,15.490909090909161
1776555426,mysqld,19.9818181818182
1776555456,mysqld,20.58181818181827
1776555486,mysqld,20.618181818181874
1776555516,mysqld,20.74545454545454
1776555546,mysqld,21.03636363636362
1776555576,mysqld,20.83636363636365
1776555606,mysqld,20.890909090909055
1776555636,mysqld,20.96363636363631
1776555666,mysqld,20.67272727272723
1776555696,mysqld,20.399999999999995
1776555726,mysqld,20.40000000000015
1776555756,mysqld,20.381818181818247
1776555786,mysqld,20.43636363636355
1776555816,mysqld,20.490909090908954
1776555846,mysqld,20.10909090909081
1776555876,mysqld,18.78181818181805
1776555906,mysqld,7.818181818181735
1776555936,mysqld,0.12727272727261152
1776555966,mysqld,1.8545454545454212
1776555996,mysqld,10.581818181818168
1776556026,mysqld,18.799999999999955
1776556056,mysqld,20.14545454545441
1776556086,mysqld,20.581818181818065
1776556116,mysqld,21.163636363636236
1776556146,mysqld,20.94545454545451
1776556176,mysqld,20.799999999999994
1776556206,mysqld,20.963636363636418
1776556236,mysqld,20.763636363636394
1776556266,mysqld,20.654545454545477
1776556296,mysqld,20.41818181818185
1776556326,mysqld,20.50909090909096
1776556356,mysqld,20.454545454545556
1776556386,mysqld,20.32727272727284
1776556416,mysqld,20.436363636363755
1776556446,mysqld,20.709090909090985
1776556476,mysqld,20.799999999999994
1776556506,mysqld,20.509090909090858
1776556536,mysqld,19.89090909090919
1776556566,mysqld,14.018181818181882
1776556596,mysqld,3.3999999999999044
1776556626,mysqld,0.5454545454544627
1776556656,mysqld,9.454545454545329
1776556686,mysqld,19.96363636363619
1776556716,mysqld,20.21818181818193
1776556746,mysqld,19.927272727272793
1776556776,mysqld,20.036363636363706
1776556806,mysqld,14.363636363636322
1776556836,mysqld,3.52727272727262
1776553416,mysqld,0.8058533333333331
1776553446,mysqld,1.2545454545454544
1776553476,mysqld,1.3818181818181818
1776553506,mysqld,1.2727272727272734
1776553536,mysqld,0.5272727272727277
1776553566,mysqld,0.20000000000000018
1776553596,mysqld,1.3090909090909093
1776553626,mysqld,2.836363636363636
1776553656,mysqld,5.654545454545453
1776553686,mysqld,7.290909090909088
1776553716,mysqld,7.600000000000004
1776553746,mysqld,7.145454545454548
1776553776,mysqld,7.090909090909091
1776553806,mysqld,7.3636363636363615
1776553836,mysqld,6.618181818181809
1776553866,mysqld,3.3999999999999955
1776553896,mysqld,0.41818181818181893
1776553926,mysqld,0.9090909090909155
1776553956,mysqld,3.127272727272738
1776553986,mysqld,8.76363636363637
1776554016,mysqld,15.272727272727277
1776554046,mysqld,21.127272727272732
1776554076,mysqld,26.199999999999978
1776554106,mysqld,32.63636363636361
1776554136,mysqld,39.23636363636363
1776554166,mysqld,43.65454545454545
1776554196,mysqld,48.85454545454546
1776554226,mysqld,54.12727272727271
1776554256,mysqld,58.16363636363635
1776554286,mysqld,63.509090909090894
1776554316,mysqld,68.67272727272729
1776554346,mysqld,74.58181818181819
1776554376,mysqld,79.49090909090908
1776554406,mysqld,84.58181818181819
1776554436,mysqld,87.72727272727256
1776554466,mysqld,89.5999999999998
1776554496,mysqld,89.2363636363637
1776554526,mysqld,89.27272727272731
1776554556,mysqld,75.83636363636359
1776554586,mysqld,37.03636363636354
1776554616,mysqld,7.072727272727351
1776554646,mysqld,0.20000000000002482
1776554676,mysqld,2.6000000000001156
1776554706,mysqld,12.709090909090925
1776554736,mysqld,30.61818181818177
1776554766,mysqld,46.27272727272725
1776554796,mysqld,58.16363636363617
1776554826,mysqld,71.52727272727257
1776554856,mysqld,86.10909090909094
1776554886,mysqld,100.0181818181819
1776554916,mysqld,107.03636363636353
1776554946,mysqld,107.50909090909111
1776554976,mysqld,106.70909090909122
1776555006,mysqld,107.52727272727269
1776555036,mysqld,107.99999999999996
1776555066,mysqld,108.12727272727275
1776555096,mysqld,108.76363636363666
1776555126,mysqld,106.89090909090943
1776555156,mysqld,106.7454545454548
1776555186,mysqld,105.69090909090887
1776555216,mysqld,108.67272727272723
1776555246,mysqld,105.49090909090906
1776555276,mysqld,63.3272727272728
1776555306,mysqld,9.163636363636298
1776555336,mysqld,0.7818181818180909
1776555366,mysqld,24.23636363636371
1776555396,mysqld,80.67272727272749
1776555426,mysqld,107.4545454545453
1776555456,mysqld,107.10909090909104
1776555486,mysqld,107.16363636363666
1776555516,mysqld,107.36363636363629
1776555546,mysqld,107.72727272727272
1776555576,mysqld,107.01818181818203
1776555606,mysqld,107.05454545454565
1776555636,mysqld,107.25454545454546
1776555666,mysqld,106.94545454545525
1776555696,mysqld,106.6363636363638
1776555726,mysqld,106.36363636363595
1776555756,mysqld,105.67272727272707
1776555786,mysqld,105.38181818181825
1776555816,mysqld,104.81818181818157
1776555846,mysqld,104.65454545454536
1776555876,mysqld,97.76363636363634
1776555906,mysqld,40.40000000000005
1776555936,mysqld,0.21818181818161975
1776555966,mysqld,5.672727272727074
1776555996,mysqld,50.090909090908596
1776556026,mysqld,98.99999999999926
1776556056,mysqld,107.60000000000012
1776556086,mysqld,107.09090909090966
1776556116,mysqld,106.6181818181828
1776556146,mysqld,107.21818181818267
1776556176,mysqld,107.94545454545474
1776556206,mysqld,107.76363636363632
1776556236,mysqld,106.6363636363638
1776556266,mysqld,106.12727272727251
1776556296,mysqld,106.54545454545479
1776556326,mysqld,107.27272727272809
1776556356,mysqld,106.90909090909125
1776556386,mysqld,106.25454545454596
1776556416,mysqld,105.8363636363637
1776556446,mysqld,106.58181818181716
1776556476,mysqld,106.9818181818172
1776556506,mysqld,106.58181818181755
1776556536,mysqld,104.1636363636363
1776556566,mysqld,73.0545454545468
1776556596,mysqld,17.236363636365322
1776556626,mysqld,0.8000000000017528
1776556656,mysqld,49.94545454545583
1776556686,mysqld,106.4909090909094
1776556716,mysqld,105.90909090909173
1776556746,mysqld,106.38181818181857
1776556776,mysqld,106.38181818181775
1776556806,mysqld,75.52727272727348
1776556836,mysqld,17.56363636363775
1776553416,nginx,0
1776553446,nginx,0
1776553476,nginx,0
1776553506,nginx,0
1776553536,nginx,0
1776553566,nginx,0
1776553596,nginx,0
1776553626,nginx,0
1776553656,nginx,0.035945454545454544
1776553686,nginx,0.036363636363636355
1776553716,nginx,0.07272727272727274
1776553746,nginx,0.10909090909090911
1776553776,nginx,0.09090909090909093
1776553806,nginx,0.054545454545454536
1776553836,nginx,0.054545454545454536
1776553866,nginx,0.0363636363636364
1776553896,nginx,0.0181818181818182
1776553926,nginx,0
1776553956,nginx,0.0181818181818182
1776553986,nginx,0.05454545454545459
1776554016,nginx,0.10909090909090918
1776554046,nginx,0.1272727272727274
1776554076,nginx,0.23636363636363655
1776554106,nginx,0.2909090909090912
1776554136,nginx,0.272727272727273
1776554166,nginx,0.2909090909090912
1776554196,nginx,0.3454545454545455
1776554226,nginx,0.38181818181818195
1776554256,nginx,0.3999999999999999
1776554286,nginx,0.45454545454545453
1776554316,nginx,0.49090909090909135
1776554346,nginx,0.5090909090909096
1776554376,nginx,0.545454545454546
1776554406,nginx,0.5818181818181819
1776554436,nginx,0.5818181818181819
1776554466,nginx,0.6000000000000001
1776554496,nginx,0.6545454545454559
1776554526,nginx,0.672727272727273
1776554556,nginx,0.5818181818181816
1776554586,nginx,0.30909090909090897
1776554616,nginx,0.05454545454545419
1776554646,nginx,0
1776554676,nginx,0
1776554706,nginx,0.07272727272727117
1776554736,nginx,0.18181818181817955
1776554766,nginx,0.3818181818181801
1776554796,nginx,0.45454545454545375
1776554826,nginx,0.5818181818181807
1776554856,nginx,0.6363636363636349
1776554886,nginx,0.6909090909090898
1776554916,nginx,0.745454545454544
1776554946,nginx,0.7454545454545457
1776554976,nginx,0.7818181818181829
1776555006,nginx,0.7272727272727278
1776555036,nginx,0.6545454545454567
1776555066,nginx,0.6727272727272762
1776555096,nginx,0.6545454545454534
1776555126,nginx,0.7272727272727278
1776555156,nginx,0.6909090909090907
1776555186,nginx,0.7454545454545457
1776555216,nginx,0.6545454545454534
1776555246,nginx,0.7090909090909069
1776555276,nginx,0.5090909090909096
1776555306,nginx,0.0909090909090922
1776555336,nginx,0
1776555366,nginx,0.12727272727272618
1776555396,nginx,0.47272727272727066
1776555426,nginx,0.6909090909090907
1776555456,nginx,0.7272727272727278
1776555486,nginx,0.745454545454544
1776555516,nginx,0.7636363636363618
1776555546,nginx,0.672727272727273
1776555576,nginx,0.7454545454545474
1776555606,nginx,0.7090909090909069
1776555636,nginx,0.6727272727272647
1776555666,nginx,0.6909090909090826
1776555696,nginx,0.6909090909090826
1776555726,nginx,0.690909090909089
1776555756,nginx,0.781818181818178
1776555786,nginx,0.7999999999999958
1776555816,nginx,0.7818181818181813
1776555846,nginx,0.7818181818181813
1776555876,nginx,0.7090909090909037
1776555906,nginx,0.3454545454545413
1776555936,nginx,0
1776555966,nginx,0.018181818181817792
1776555996,nginx,0.3272727272727203
1776556026,nginx,0.7090909090909003
1776556056,nginx,0.7454545454545359
1776556086,nginx,0.7090909090908939
1776556116,nginx,0.7454545454545393
1776556146,nginx,0.7272727272727246
1776556176,nginx,0.7090909090909069
1776556206,nginx,0.6727272727272615
1776556236,nginx,0.7636363636363506
1776556266,nginx,0.7636363636363538
1776556296,nginx,0.7272727272727246
1776556326,nginx,0.6545454545454503
1776556356,nginx,0.7272727272727214
1776556386,nginx,0.7818181818181813
1776556416,nginx,0.7272727272727214
1776556446,nginx,0.6909090909090794
1776556476,nginx,0.7272727272727182
1776556506,nginx,0.7818181818181813
1776556536,nginx,0.7636363636363602
1776556566,nginx,0.5636363636363548
1776556596,nginx,0.14545454545454234
1776556626,nginx,0
1776556656,nginx,0.2727272727272669
1776556686,nginx,0.636363636363626
1776556716,nginx,0.6545454545454438
1776556746,nginx,0.618181818181805
1776556776,nginx,0.6727272727272615
1776556806,nginx,0.5272727272727257
1776556836,nginx,0.10909090909090999
1776553416,nginx,0
1776553446,nginx,0
1776553476,nginx,0
1776553506,nginx,0
1776553536,nginx,0
1776553566,nginx,0
1776553596,nginx,0
1776553626,nginx,0
1776553656,nginx,0.017972727272727272
1776553686,nginx,0.05391818181818181
1776553716,nginx,0.07272727272727274
1776553746,nginx,0.10909090909090907
1776553776,nginx,0.07272727272727272
1776553806,nginx,0.054545454545454536
1776553836,nginx,0.05454545454545457
1776553866,nginx,0.0363636363636364
1776553896,nginx,0
1776553926,nginx,0
1776553956,nginx,0
1776553986,nginx,0.0363636363636364
1776554016,nginx,0.1272727272727274
1776554046,nginx,0.21818181818181837
1776554076,nginx,0.25454545454545463
1776554106,nginx,0.29090909090909095
1776554136,nginx,0.30909090909090925
1776554166,nginx,0.4181818181818185
1776554196,nginx,0.4000000000000001
1776554226,nginx,0.4363636363636363
1776554256,nginx,0.4727272727272725
1776554286,nginx,0.5090909090909093
1776554316,nginx,0.5090909090909096
1776554346,nginx,0.5818181818181823
1776554376,nginx,0.5636363636363637
1776554406,nginx,0.6363636363636365
1776554436,nginx,0.6545454545454534
1776554466,nginx,0.6545454545454543
1776554496,nginx,0.6000000000000018
1776554526,nginx,0.6000000000000001
1776554556,nginx,0.5090909090909096
1776554586,nginx,0.29090909090908956
1776554616,nginx,0.05454545454545338
1776554646,nginx,0
1776554676,nginx,0
1776554706,nginx,0.09090909090908897
1776554736,nginx,0.29090909090908795
1776554766,nginx,0.3818181818181793
1776554796,nginx,0.3818181818181793
1776554826,nginx,0.43636363636363507
1776554856,nginx,0.5454545454545451
1776554886,nginx,0.7272727272727278
1776554916,nginx,0.7818181818181822
1776554946,nginx,0.7454545454545465
1776554976,nginx,0.7636363636363651
1776555006,nginx,0.7818181818181829
1776555036,nginx,0.8181818181818169
1776555066,nginx,0.7818181818181813
1776555096,nginx,0.7818181818181829
1776555126,nginx,0.7818181818181829
1776555156,nginx,0.7818181818181813
1776555186,nginx,0.8181818181818169
1776555216,nginx,0.7636363636363651
1776555246,nginx,0.8363636363636363
1776555276,nginx,0.5636363636363628
1776555306,nginx,0.0727272727272728
1776555336,nginx,0
1776555366,nginx,0.14545454545454398
1776555396,nginx,0.6181818181818163
1776555426,nginx,0.8363636363636363
1776555456,nginx,0.8181818181818201
1776555486,nginx,0.7818181818181829
1776555516,nginx,0.8363636363636345
1776555546,nginx,0.818181818181812
1776555576,nginx,0.763636363636357
1776555606,nginx,0.781818181818178
1776555636,nginx,0.8181818181818169
1776555666,nginx,0.8181818181818136
1776555696,nginx,0.836363636363625
1776555726,nginx,0.8727272727272606
1776555756,nginx,0.7999999999999926
1776555786,nginx,0.8181818181818105
1776555816,nginx,0.7999999999999926
1776555846,nginx,0.8181818181818169
1776555876,nginx,0.7636363636363602
1776555906,nginx,0.3636363636363623
1776555936,nginx,0
1776555966,nginx,0
1776555996,nginx,0.3090909090909025
1776556026,nginx,0.654545454545447
1776556056,nginx,0.7272727272727214
1776556086,nginx,0.8181818181818105
1776556116,nginx,0.7636363636363538
1776556146,nginx,0.7272727272727214
1776556176,nginx,0.7999999999999989
1776556206,nginx,0.8181818181818136
1776556236,nginx,0.7818181818181749
1776556266,nginx,0.7818181818181715
1776556296,nginx,0.7818181818181715
1776556326,nginx,0.8181818181818071
1776556356,nginx,0.7818181818181749
1776556386,nginx,0.7818181818181813
1776556416,nginx,0.8545454545454557
1776556446,nginx,0.7818181818181813
1776556476,nginx,0.7454545454545425
1776556506,nginx,0.763636363636357
1776556536,nginx,0.8181818181818071
1776556566,nginx,0.6181818181818147
1776556596,nginx,0.1272727272727278
1776556626,nginx,0
1776556656,nginx,0.30909090909090575
1776556686,nginx,0.6727272727272681
1776556716,nginx,0.7272727272727278
1776556746,nginx,0.7272727272727311
1776556776,nginx,0.6727272727272745
1776556806,nginx,0.5090909090909047
1776556836,nginx,0.14545454545454234
1776553416,node_exporter,0.06362
1776553446,node_exporter,0.1272727272727273
1776553476,node_exporter,0.12727272727272726
1776553506,node_exporter,0.14545454545454545
1776553536,node_exporter,0.14545454545454548
1776553566,node_exporter,0.12727272727272723
1776553596,node_exporter,0.1272727272727273
1776553626,node_exporter,0.10909090909090907
1776553656,node_exporter,0.1272727272727273
1776553686,node_exporter,0.14545454545454548
1776553716,node_exporter,0.14545454545454548
1776553746,node_exporter,0.10909090909090907
1776553776,node_exporter,0.1272727272727273
1776553806,node_exporter,0.1272727272727274
1776553836,node_exporter,0.1454545454545454
1776553866,node_exporter,0.1454545454545454
1776553896,node_exporter,0.1454545454545456
1776553926,node_exporter,0.1454545454545454
1776553956,node_exporter,0.10909090909090899
1776553986,node_exporter,0.1454545454545456
1776554016,node_exporter,0.1454545454545454
1776554046,node_exporter,0.12727272727272718
1776554076,node_exporter,0.1454545454545456
1776554106,node_exporter,0.1454545454545454
1776554136,node_exporter,0.1454545454545454
1776554166,node_exporter,0.16363636363636377
1776554196,node_exporter,0.16363636363636377
1776554226,node_exporter,0.16363636363636336
1776554256,node_exporter,0.18181818181818155
1776554286,node_exporter,0.16363636363636377
1776554316,node_exporter,0.20000000000000018
1776554346,node_exporter,0.18181818181818155
1776554376,node_exporter,0.19999999999999973
1776554406,node_exporter,0.18181818181818196
1776554436,node_exporter,0.18181818181818196
1776554466,node_exporter,0.20000000000000018
1776554496,node_exporter,0.18181818181818155
1776554526,node_exporter,0.18181818181818155
1776554556,node_exporter,0.16363636363636377
1776554586,node_exporter,0.18181818181818196
1776554616,node_exporter,0.16363636363636377
1776554646,node_exporter,0.12727272727272698
1776554676,node_exporter,0.1272727272727274
1776554706,node_exporter,0.10909090909090918
1776554736,node_exporter,0.14545454545454517
1776554766,node_exporter,0.16363636363636377
1776554796,node_exporter,0.18181818181818196
1776554826,node_exporter,0.16363636363636416
1776554856,node_exporter,0.18181818181818196
1776554886,node_exporter,0.21818181818181837
1776554916,node_exporter,0.23636363636363616
1776554946,node_exporter,0.21818181818181837
1776554976,node_exporter,0.23636363636363616
1776555006,node_exporter,0.25454545454545396
1776555036,node_exporter,0.23636363636363616
1776555066,node_exporter,0.19999999999999973
1776555096,node_exporter,0.21818181818181753
1776555126,node_exporter,0.19999999999999973
1776555156,node_exporter,0.21818181818181837
1776555186,node_exporter,0.23636363636363616
1776555216,node_exporter,0.23636363636363616
1776555246,node_exporter,0.21818181818181837
1776555276,node_exporter,0.20000000000000057
1776555306,node_exporter,0.16363636363636416
1776555336,node_exporter,0.1454545454545456
1776555366,node_exporter,0.1454545454545456
1776555396,node_exporter,0.18181818181818196
1776555426,node_exporter,0.21818181818181837
1776555456,node_exporter,0.19999999999999973
1776555486,node_exporter,0.21818181818181753
1776555516,node_exporter,0.2545454545454548
1776555546,node_exporter,0.2545454545454548
1776555576,node_exporter,0.21818181818181837
1776555606,node_exporter,0.21818181818181753
1776555636,node_exporter,0.236363636363637
1776555666,node_exporter,0.25454545454545396
1776555696,node_exporter,0.23636363636363616
1776555726,node_exporter,0.23636363636363777
1776555756,node_exporter,0.23636363636363616
1776555786,node_exporter,0.23636363636363616
1776555816,node_exporter,0.25454545454545396
1776555846,node_exporter,0.23636363636363777
1776555876,node_exporter,0.23636363636363616
1776555906,node_exporter,0.18181818181818116
1776555936,node_exporter,0.1454545454545456
1776555966,node_exporter,0.1272727272727278
1776555996,node_exporter,0.12727272727272618
1776556026,node_exporter,0.20000000000000057
1776556056,node_exporter,0.21818181818181676
1776556086,node_exporter,0.21818181818181837
1776556116,node_exporter,0.23636363636363616
1776556146,node_exporter,0.2545454545454556
1776556176,node_exporter,0.25454545454545396
1776556206,node_exporter,0.23636363636363616
1776556236,node_exporter,0.21818181818181837
1776556266,node_exporter,0.23636363636363616
1776556296,node_exporter,0.23636363636363616
1776556326,node_exporter,0.23636363636363616
1776556356,node_exporter,0.2727272727272734
1776556386,node_exporter,0.25454545454545396
1776556416,node_exporter,0.21818181818181837
1776556446,node_exporter,0.23636363636363616
1776556476,node_exporter,0.23636363636363616
1776556506,node_exporter,0.23636363636363616
1776556536,node_exporter,0.25454545454545396
1776556566,node_exporter,0.23636363636363616
1776556596,node_exporter,0.18181818181818277
1776556626,node_exporter,0.1454545454545456
1776556656,node_exporter,0.1454545454545456
1776556686,node_exporter,0.16363636363636336
1776556716,node_exporter,0.20000000000000057
1776556746,node_exporter,0.21818181818181676
1776556776,node_exporter,0.21818181818181837
1776556806,node_exporter,0.19999999999999896
1776556836,node_exporter,0.1454545454545456
1776553416,node_exporter,0.21206666666666665
1776553446,node_exporter,0.4
1776553476,node_exporter,0.3818181818181817
1776553506,node_exporter,0.36363636363636365
1776553536,node_exporter,0.3818181818181817
1776553566,node_exporter,0.3818181818181817
1776553596,node_exporter,0.38181818181818195
1776553626,node_exporter,0.4000000000000001
1776553656,node_exporter,0.4000000000000001
1776553686,node_exporter,0.41818181818181815
1776553716,node_exporter,0.41818181818181815
1776553746,node_exporter,0.41818181818181815
1776553776,node_exporter,0.3999999999999999
1776553806,node_exporter,0.3999999999999999
1776553836,node_exporter,0.3818181818181817
1776553866,node_exporter,0.36363636363636354
1776553896,node_exporter,0.34545454545454535
1776553926,node_exporter,0.3636363636363639
1776553956,node_exporter,0.3818181818181817
1776553986,node_exporter,0.41818181818181815
1776554016,node_exporter,0.43636363636363595
1776554046,node_exporter,0.39999999999999947
1776554076,node_exporter,0.41818181818181815
1776554106,node_exporter,0.45454545454545453
1776554136,node_exporter,0.45454545454545453
1776554166,node_exporter,0.43636363636363673
1776554196,node_exporter,0.43636363636363595
1776554226,node_exporter,0.43636363636363673
1776554256,node_exporter,0.43636363636363673
1776554286,node_exporter,0.45454545454545453
1776554316,node_exporter,0.45454545454545453
1776554346,node_exporter,0.45454545454545453
1776554376,node_exporter,0.4545454545454553
1776554406,node_exporter,0.47272727272727233
1776554436,node_exporter,0.47272727272727233
1776554466,node_exporter,0.45454545454545453
1776554496,node_exporter,0.47272727272727233
1776554526,node_exporter,0.472727272727274
1776554556,node_exporter,0.47272727272727233
1776554586,node_exporter,0.43636363636363673
1776554616,node_exporter,0.3818181818181817
1776554646,node_exporter,0.40000000000000113
1776554676,node_exporter,0.3818181818181817
1776554706,node_exporter,0.41818181818181893
1776554736,node_exporter,0.43636363636363673
1776554766,node_exporter,0.41818181818181893
1776554796,node_exporter,0.43636363636363673
1776554826,node_exporter,0.45454545454545453
1776554856,node_exporter,0.49090909090909013
1776554886,node_exporter,0.49090909090909013
1776554916,node_exporter,0.49090909090909013
1776554946,node_exporter,0.5272727272727273
1776554976,node_exporter,0.49090909090909013
1776555006,node_exporter,0.49090909090909013
1776555036,node_exporter,0.5090909090909096
1776555066,node_exporter,0.5272727272727257
1776555096,node_exporter,0.5090909090909096
1776555126,node_exporter,0.5090909090909096
1776555156,node_exporter,0.5090909090909096
1776555186,node_exporter,0.5090909090909096
1776555216,node_exporter,0.5272727272727257
1776555246,node_exporter,0.5272727272727257
1776555276,node_exporter,0.47272727272727233
1776555306,node_exporter,0.4181818181818157
1776555336,node_exporter,0.40000000000000113
1776555366,node_exporter,0.3999999999999979
1776555396,node_exporter,0.45454545454545453
1776555426,node_exporter,0.5090909090909079
1776555456,node_exporter,0.5454545454545467
1776555486,node_exporter,0.5272727272727289
1776555516,node_exporter,0.49090909090909013
1776555546,node_exporter,0.49090909090909013
1776555576,node_exporter,0.5272727272727257
1776555606,node_exporter,0.5272727272727289
1776555636,node_exporter,0.5090909090909111
1776555666,node_exporter,0.47272727272727233
1776555696,node_exporter,0.5272727272727257
1776555726,node_exporter,0.5454545454545435
1776555756,node_exporter,0.5090909090909079
1776555786,node_exporter,0.5454545454545435
1776555816,node_exporter,0.5272727272727257
1776555846,node_exporter,0.5090909090909111
1776555876,node_exporter,0.5272727272727289
1776555906,node_exporter,0.47272727272727233
1776555936,node_exporter,0.40000000000000113
1776555966,node_exporter,0.3999999999999979
1776555996,node_exporter,0.43636363636363673
1776556026,node_exporter,0.47272727272727555
1776556056,node_exporter,0.5272727272727257
1776556086,node_exporter,0.5090909090909079
1776556116,node_exporter,0.5090909090909079
1776556146,node_exporter,0.5090909090909079
1776556176,node_exporter,0.5272727272727289
1776556206,node_exporter,0.5454545454545467
1776556236,node_exporter,0.5454545454545467
1776556266,node_exporter,0.5272727272727289
1776556296,node_exporter,0.5454545454545467
1776556326,node_exporter,0.5272727272727257
1776556356,node_exporter,0.5272727272727257
1776556386,node_exporter,0.5090909090909079
1776556416,node_exporter,0.5272727272727257
1776556446,node_exporter,0.5090909090909079
1776556476,node_exporter,0.5090909090909111
1776556506,node_exporter,0.5272727272727289
1776556536,node_exporter,0.5090909090909079
1776556566,node_exporter,0.47272727272727233
1776556596,node_exporter,0.43636363636363673
1776556626,node_exporter,0.40000000000000113
1776556656,node_exporter,0.41818181818181893
1776556686,node_exporter,0.49090909090909013
1776556716,node_exporter,0.5272727272727257
1776556746,node_exporter,0.5090909090909079
1776556776,node_exporter,0.5272727272727257
1776556806,node_exporter,0.5090909090909079
1776556836,node_exporter,0.47272727272727233
1776553416,other,0.14844666666666667
1776553446,other,0.2909090909090909
1776553476,other,0.3090909090909091
1776553506,other,0.3272727272727273
1776553536,other,0.309090909090909
1776553566,other,0.27272727272727276
1776553596,other,0.2727272727272728
1776553626,other,0.29090909090909095
1776553656,other,0.3272727272727273
1776553686,other,0.3272727272727273
1776553716,other,0.3272727272727273
1776553746,other,0.272727272727273
1776553776,other,0.30909090909090936
1776553806,other,0.32727272727272755
1776553836,other,0.3818181818181817
1776553866,other,0.34545454545454535
1776553896,other,0.30909090909090936
1776553926,other,0.32727272727272755
1776553956,other,0.32727272727272716
1776553986,other,0.2909090909090908
1776554016,other,0.32727272727272794
1776554046,other,0.3636363636363643
1776554076,other,0.32727272727272594
1776554106,other,0.3818181818181801
1776554136,other,0.3636363636363631
1776554166,other,0.30909090909090975
1776554196,other,0.30909090909090897
1776554226,other,0.3272727272727267
1776554256,other,0.3454545454545445
1776554286,other,0.3636363636363623
1776554316,other,0.3818181818181817
1776554346,other,0.3818181818181817
1776554376,other,0.39999999999999947
1776554406,other,0.3818181818181817
1776554436,other,0.3818181818181817
1776554466,other,0.43636363636363507
1776554496,other,0.45454545454545375
1776554526,other,0.41818181818181815
1776554556,other,0.41818181818181815
1776554586,other,0.36363636363636154
1776554616,other,0.3636363636363591
1776554646,other,0.3454545454545461
1776554676,other,0.3454545454545461
1776554706,other,0.3454545454545413
1776554736,other,0.3454545454545413
1776554766,other,0.3636363636363591
1776554796,other,0.3818181818181785
1776554826,other,0.3818181818181817
1776554856,other,0.4181818181818157
1776554886,other,0.47272727272727233
1776554916,other,0.6181818181818163
1776554946,other,0.7090909090909069
1776554976,other,0.745454545454544
1776555006,other,0.745454545454544
1776555036,other,0.7454545454545457
1776555066,other,0.7636363636363634
1776555096,other,0.7636363636363634
1776555126,other,0.7818181818181797
1776555156,other,0.7636363636363618
1776555186,other,0.6909090909090907
1776555216,other,0.7272727272727262
1776555246,other,0.7090909090909084
1776555276,other,0.6545454545454583
1776555306,other,0.472727272727274
1776555336,other,0.3454545454545445
1776555366,other,0.3818181818181866
1776555396,other,0.563636363636371
1776555426,other,0.8000000000000087
1776555456,other,0.8363636363636345
1776555486,other,0.8181818181818105
1776555516,other,0.8181818181818169
1776555546,other,0.8181818181818169
1776555576,other,0.8181818181818169
1776555606,other,0.7818181818181813
1776555636,other,0.7636363636363634
1776555666,other,0.7818181818181813
1776555696,other,0.8363636363636345
1776555726,other,0.7999999999999989
1776555756,other,0.7454545454545457
1776555786,other,0.781818181818178
1776555816,other,0.8727272727272701
1776555846,other,0.8363636363636345
1776555876,other,0.7636363636363634
1776555906,other,0.6363636363636357
1776555936,other,0.4545454545454513
1776555966,other,0.41818181818181893
1776555996,other,0.4181818181818157
1776556026,other,0.6181818181818179
1776556056,other,0.8181818181818136
1776556086,other,0.9090909090909057
1776556116,other,0.890909090909088
1776556146,other,0.8181818181818169
1776556176,other,0.8181818181818169
1776556206,other,0.8181818181818169
1776556236,other,0.8363636363636345
1776556266,other,0.8363636363636345
1776556296,other,0.7999999999999989
1776556326,other,0.7636363636363634
1776556356,other,0.7272727272727278
1776556386,other,0.763636363636357
1776556416,other,0.8181818181818105
1776556446,other,0.8000000000000087
1776556476,other,0.7999999999999958
1776556506,other,0.8545454545454461
1776556536,other,0.8909090909090944
1776556566,other,0.8181818181818297
1776556596,other,0.5454545454545596
1776556626,other,0.3636363636363688
1776556656,other,0.4545454545454609
1776556686,other,0.7636363636363797
1776556716,other,0.8545454545454719
1776556746,other,0.8000000000000087
1776556776,other,0.8000000000000023
1776556806,other,0.7636363636363732
1776556836,other,0.6000000000000033
1776553416,other,0.23327333333333333
1776553446,other,0.3999999999999999
1776553476,other,0.3818181818181817
1776553506,other,0.3272727272727273
1776553536,other,0.36363636363636387
1776553566,other,0.36363636363636404
1776553596,other,0.3818181818181821
1776553626,other,0.32727272727272755
1776553656,other,0.32727272727272716
1776553686,other,0.3454545454545455
1776553716,other,0.32727272727272755
1776553746,other,0.41818181818181815
1776553776,other,0.36363636363636354
1776553806,other,0.34545454545454535
1776553836,other,0.34545454545454535
1776553866,other,0.2909090909090912
1776553896,other,0.30909090909090936
1776553926,other,0.34545454545454535
1776553956,other,0.36363636363636476
1776553986,other,0.3636363636363643
1776554016,other,0.3636363636363639
1776554046,other,0.32727272727272755
1776554076,other,0.3636363636363639
1776554106,other,0.3636363636363639
1776554136,other,0.43636363636363595
1776554166,other,0.41818181818181727
1776554196,other,0.43636363636363507
1776554226,other,0.43636363636363507
1776554256,other,0.41818181818181893
1776554286,other,0.4545454545454562
1776554316,other,0.5090909090909111
1776554346,other,0.47272727272727233
1776554376,other,0.45454545454545286
1776554406,other,0.5090909090909072
1776554436,other,0.5818181818181823
1776554466,other,0.5818181818181823
1776554496,other,0.47272727272727233
1776554526,other,0.4545454545454562
1776554556,other,0.472727272727274
1776554586,other,0.3999999999999979
1776554616,other,0.3818181818181785
1776554646,other,0.39999999999999947
1776554676,other,0.3818181818181817
1776554706,other,0.40000000000000113
1776554736,other,0.40000000000000113
1776554766,other,0.45454545454545775
1776554796,other,0.472727272727274
1776554826,other,0.43636363636363673
1776554856,other,0.49090909090909335
1776554886,other,0.5454545454545467
1776554916,other,0.6727272727272713
1776554946,other,0.8181818181818153
1776554976,other,0.7636363636363602
1776555006,other,0.6909090909090875
1776555036,other,0.690909090909089
1776555066,other,0.636363636363634
1776555096,other,0.6727272727272696
1776555126,other,0.6727272727272696
1776555156,other,0.6545454545454534
1776555186,other,0.8363636363636412
1776555216,other,0.8181818181818232
1776555246,other,0.7636363636363634
1776555276,other,0.6909090909090922
1776555306,other,0.38181818181818333
1776555336,other,0.38181818181818333
1776555366,other,0.3818181818181769
1776555396,other,0.5454545454545435
1776555426,other,0.6909090909090922
1776555456,other,0.6727272727272777
1776555486,other,0.690909090909089
1776555516,other,0.6727272727272681
1776555546,other,0.6909090909090922
1776555576,other,0.7090909090909101
1776555606,other,0.7454545454545425
1776555636,other,0.7090909090909069
1776555666,other,0.6181818181818147
1776555696,other,0.6181818181818147
1776555726,other,0.6545454545454534
1776555756,other,0.7272727272727246
1776555786,other,0.9090909090909057
1776555816,other,0.8545454545454525
1776555846,other,0.6545454545454534
1776555876,other,0.7272727272727246
1776555906,other,0.5090909090909079
1776555936,other,0.4181818181818157
1776555966,other,0.3999999999999979
1776555996,other,0.3999999999999979
1776556026,other,0.6727272727272681
1776556056,other,0.7272727272727246
1776556086,other,0.6181818181818147
1776556116,other,0.7272727272727246
1776556146,other,0.7999999999999989
1776556176,other,0.7636363636363602
1776556206,other,0.8181818181818169
1776556236,other,0.781818181818178
1776556266,other,0.7272727272727246
1776556296,other,0.7636363636363602
1776556326,other,0.7999999999999989
1776556356,other,0.7636363636363634
1776556386,other,0.7818181818181749
1776556416,other,0.7454545454545457
1776556446,other,0.690909090909102
1776556476,other,0.672727272727281
1776556506,other,0.6545454545454729
1776556536,other,0.6181818181818308
1776556566,other,0.5454545454545532
1776556596,other,0.47272727272727555
1776556626,other,0.3999999999999979
1776556656,other,0.5272727272727257
1776556686,other,0.6727272727272681
1776556716,other,0.7272727272727246
1776556746,other,0.8000000000000023
1776556776,other,0.7454545454545457
1776556806,other,0.9090909090909091
1776556836,other,0.6909090909090826
1776553416,php-fpm,0.10603333333333333
1776553446,php-fpm,0.2363636363636364
1776553476,php-fpm,0.30909090909090914
1776553506,php-fpm,0.2181818181818183
1776553536,php-fpm,0.10909090909090918
1776553566,php-fpm,0
1776553596,php-fpm,0.25454545454545446
1776553626,php-fpm,0.8909090909090909
1776553656,php-fpm,1.7090909090909094
1776553686,php-fpm,2.2000000000000006
1776553716,php-fpm,2.2545454545454535
1776553746,php-fpm,2.127272727272726
1776553776,php-fpm,2.0727272727272714
1776553806,php-fpm,2.218181818181816
1776553836,php-fpm,2.0545454545454525
1776553866,php-fpm,0.9818181818181803
1776553896,php-fpm,0.036363636363635585
1776553926,php-fpm,0.10909090909090838
1776553956,php-fpm,0.8181818181818169
1776553986,php-fpm,2.727272727272727
1776554016,php-fpm,4.50909090909091
1776554046,php-fpm,6.054545454545454
1776554076,php-fpm,7.527272727272728
1776554106,php-fpm,8.690909090909091
1776554136,php-fpm,10.236363636363638
1776554166,php-fpm,11.581818181818177
1776554196,php-fpm,12.309090909090914
1776554226,php-fpm,12.472727272727276
1776554256,php-fpm,13.309090909090909
1776554286,php-fpm,14.40000000000001
1776554316,php-fpm,15.054545454545456
1776554346,php-fpm,15.709090909090909
1776554376,php-fpm,16.309090909090905
1776554406,php-fpm,16.30909090909089
1776554436,php-fpm,16.163636363636364
1776554466,php-fpm,16.85454545454545
1776554496,php-fpm,17.21818181818184
1776554526,php-fpm,17.16363636363641
1776554556,php-fpm,15.381818181818222
1776554586,php-fpm,8.981818181818229
1776554616,php-fpm,1.9090909090909296
1776554646,php-fpm,0
1776554676,php-fpm,0.6363636363636518
1776554706,php-fpm,3.727272727272748
1776554736,php-fpm,8.272727272727241
1776554766,php-fpm,11.58181818181819
1776554796,php-fpm,13.490909090909092
1776554826,php-fpm,15.272727272727257
1776554856,php-fpm,17.090909090909072
1776554886,php-fpm,19.490909090909085
1776554916,php-fpm,22.672727272727244
1776554946,php-fpm,24.254545454545433
1776554976,php-fpm,24.345454545454544
1776555006,php-fpm,24.454545454545382
1776555036,php-fpm,24.599999999999948
1776555066,php-fpm,24.909090909090835
1776555096,php-fpm,24.672727272727208
1776555126,php-fpm,24.527272727272692
1776555156,php-fpm,24.472727272727283
1776555186,php-fpm,24.581818181818146
1776555216,php-fpm,24.672727272727208
1776555246,php-fpm,24.836363636363576
1776555276,php-fpm,14.945454545454542
1776555306,php-fpm,1.9272727272727312
1776555336,php-fpm,0.03636363636360329
1776555366,php-fpm,5.709090909090884
1776555396,php-fpm,17.799999999999986
1776555426,php-fpm,24.163636363636297
1776555456,php-fpm,25.05454545454546
1776555486,php-fpm,24.909090909090885
1776555516,php-fpm,24.927272727272793
1776555546,php-fpm,25.072727272727363
1776555576,php-fpm,24.69090909090906
1776555606,php-fpm,24.890909090908984
1776555636,php-fpm,24.94545454545449
1776555666,php-fpm,25.090909090909108
1776555696,php-fpm,24.92727272727269
1776555726,php-fpm,24.727272727272766
1776555756,php-fpm,25.09090909090901
1776555786,php-fpm,25.090909090909108
1776555816,php-fpm,24.763636363636575
1776555846,php-fpm,24.745454545454674
1776555876,php-fpm,22.945454545454655
1776555906,php-fpm,9.581818181818251
1776555936,php-fpm,0
1776555966,php-fpm,1.4545454545453718
1776555996,php-fpm,10.781818181818089
1776556026,php-fpm,22.12727272727286
1776556056,php-fpm,25.09090909090932
1776556086,php-fpm,24.945454545454698
1776556116,php-fpm,24.909090909090885
1776556146,php-fpm,24.890909090909087
1776556176,php-fpm,24.80000000000008
1776556206,php-fpm,24.87272727272718
1776556236,php-fpm,24.61818181818175
1776556266,php-fpm,24.92727272727269
1776556296,php-fpm,24.799999999999976
1776556326,php-fpm,24.54545454545444
1776556356,php-fpm,24.763636363636373
1776556386,php-fpm,24.94545454545449
1776556416,php-fpm,25.327272727272636
1776556446,php-fpm,25.018181818181695
1776556476,php-fpm,24.52727272727274
1776556506,php-fpm,24.545454545454547
1776556536,php-fpm,24.381818181818122
1776556566,php-fpm,16.92727272727273
1776556596,php-fpm,3.999999999999979
1776556626,php-fpm,0.018181818181801646
1776556656,php-fpm,11.00000000000002
1776556686,php-fpm,24.10909090909089
1776556716,php-fpm,24.36363636363632
1776556746,php-fpm,24.67272727272726
1776556776,php-fpm,24.70909090909086
1776556806,php-fpm,17.309090909091083
1776556836,php-fpm,3.9636363636364793
1776553416,php-fpm,0.6838999999999998
1776553446,php-fpm,2.0668636363636366
1776553476,php-fpm,2.3272727272727276
1776553506,php-fpm,1.709090909090909
1776553536,php-fpm,0.854545454545454
1776553566,php-fpm,0
1776553596,php-fpm,1.7272727272727266
1776553626,php-fpm,7.127272727272727
1776553656,php-fpm,14.2
1776553686,php-fpm,18.454545454545453
1776553716,php-fpm,19.07272727272727
1776553746,php-fpm,18.14545454545454
1776553776,php-fpm,17.836363636363632
1776553806,php-fpm,18.454545454545457
1776553836,php-fpm,17.34545454545454
1776553866,php-fpm,8.581818181818178
1776553896,php-fpm,0.5999999999999969
1776553926,php-fpm,0.6727272727272681
1776553956,php-fpm,6.618181818181807
1776553986,php-fpm,21.65454545454545
1776554016,php-fpm,37.545454545454525
1776554046,php-fpm,51.94545454545453
1776554076,php-fpm,64.54545454545453
1776554106,php-fpm,78.80000000000003
1776554136,php-fpm,92.9636363636364
1776554166,php-fpm,103.18181818181817
1776554196,php-fpm,113.16363636363633
1776554226,php-fpm,119.25454545454541
1776554256,php-fpm,127.76363636363632
1776554286,php-fpm,142.5090909090909
1776554316,php-fpm,152.4909090909091
1776554346,php-fpm,163.69090909090903
1776554376,php-fpm,173.61818181818182
1776554406,php-fpm,176.7090909090906
1776554436,php-fpm,181.61818181818148
1776554466,php-fpm,189.8909090909092
1776554496,php-fpm,189.2909090909093
1776554526,php-fpm,191.07272727272752
1776554556,php-fpm,165.63636363636368
1776554586,php-fpm,84.65454545454534
1776554616,php-fpm,17.200000000000067
1776554646,php-fpm,0.018181818181801646
1776554676,php-fpm,4.945454545454388
1776554706,php-fpm,32.05454545454545
1776554736,php-fpm,73.56363636363685
1776554766,php-fpm,107.14545454545485
1776554796,php-fpm,132.00000000000026
1776554826,php-fpm,157.69090909090932
1776554856,php-fpm,184.43636363636372
1776554886,php-fpm,213.85454545454542
1776554916,php-fpm,234.3272727272725
1776554946,php-fpm,239.09090909090867
1776554976,php-fpm,240.3818181818178
1776555006,php-fpm,239.59999999999994
1776555036,php-fpm,239.56363636363633
1776555066,php-fpm,239.47272727272693
1776555096,php-fpm,238.60000000000002
1776555126,php-fpm,240.7272727272729
1776555156,php-fpm,240.127272727273
1776555186,php-fpm,241.34545454545497
1776555216,php-fpm,238.2727272727276
1776555246,php-fpm,241.2545454545455
1776555276,php-fpm,151.89090909090942
1776555306,php-fpm,19.709090909091174
1776555336,php-fpm,0.018181818181801646
1776555366,php-fpm,54.781818181817556
1776555396,php-fpm,180.74545454545387
1776555426,php-fpm,239.65454545454534
1776555456,php-fpm,239.63636363636397
1776555486,php-fpm,239.81818181818113
1776555516,php-fpm,239.10909090909044
1776555546,php-fpm,238.72727272727303
1776555576,php-fpm,239.56363636363673
1776555606,php-fpm,239.38181818181872
1776555636,php-fpm,239.1090909090913
1776555666,php-fpm,239.67272727272757
1776555696,php-fpm,240.30909090909017
1776555726,php-fpm,240.69090909090843
1776555756,php-fpm,240.85454545454593
1776555786,php-fpm,241.18181818181833
1776555816,php-fpm,241.05454545454532
1776555846,php-fpm,240.47272727272602
1776555876,php-fpm,228.41818181818118
1776555906,php-fpm,98.09090909090958
1776555936,php-fpm,0
1776555966,php-fpm,12.072727272727041
1776555996,php-fpm,110.83636363636286
1776556026,php-fpm,219.61818181818091
1776556056,php-fpm,239.56363636363673
1776556086,php-fpm,239.74545454545475
1776556116,php-fpm,239.54545454545456
1776556146,php-fpm,239.1454545454549
1776556176,php-fpm,238.65454545454665
1776556206,php-fpm,238.78181818181886
1776556236,php-fpm,239.945454545455
1776556266,php-fpm,240.50909090909207
1776556296,php-fpm,240.27272727272825
1776556326,php-fpm,239.8363636363642
1776556356,php-fpm,239.92727272727197
1776556386,php-fpm,240.50909090909042
1776556416,php-fpm,240.1999999999994
1776556446,php-fpm,237.81818181818215
1776556476,php-fpm,238.1818181818182
1776556506,php-fpm,239.96363636363722
1776556536,php-fpm,237.58181818181666
1776556566,php-fpm,168.2909090909065
1776556596,php-fpm,40.36363636363603
1776556626,php-fpm,0.01818181818221505
1776556656,php-fpm,110.61818181818208
1776556686,php-fpm,241.0000000000003
1776556716,php-fpm,241.9636363636379
1776556746,php-fpm,241.30909090909137
1776556776,php-fpm,241.34545454545412
1776556806,php-fpm,170.96363636363589
1776556836,php-fpm,39.16363636363629
1776553416,qemu-ga,0
1776553446,qemu-ga,0.017972727272727272
1776553476,qemu-ga,0.017972727272727272
1776553506,qemu-ga,0.01818181818181818
1776553536,qemu-ga,0.01818181818181818
1776553566,qemu-ga,0
1776553596,qemu-ga,0.018181818181818177
1776553626,qemu-ga,0.018181818181818177
1776553656,qemu-ga,0.018181818181818184
1776553686,qemu-ga,0.018181818181818184
1776553716,qemu-ga,0.018181818181818184
1776553746,qemu-ga,0.018181818181818184
1776553776,qemu-ga,0.018181818181818174
1776553806,qemu-ga,0.018181818181818174
1776553836,qemu-ga,0.0181818181818182
1776553866,qemu-ga,0.0181818181818182
1776553896,qemu-ga,0.018181818181818174
1776553926,qemu-ga,0.018181818181818174
1776553956,qemu-ga,0.018181818181818174
1776553986,qemu-ga,0.018181818181818174
1776554016,qemu-ga,0
1776554046,qemu-ga,0.0181818181818182
1776554076,qemu-ga,0.0181818181818182
1776554106,qemu-ga,0.018181818181818174
1776554136,qemu-ga,0.018181818181818174
1776554166,qemu-ga,0
1776554196,qemu-ga,0
1776554226,qemu-ga,0.018181818181818174
1776554256,qemu-ga,0.018181818181818174
1776554286,qemu-ga,0.0181818181818182
1776554316,qemu-ga,0.0181818181818182
1776554346,qemu-ga,0
1776554376,qemu-ga,0
1776554406,qemu-ga,0
1776554436,qemu-ga,0.0181818181818182
1776554466,qemu-ga,0.0181818181818182
1776554496,qemu-ga,0
1776554526,qemu-ga,0
1776554556,qemu-ga,0
1776554586,qemu-ga,0
1776554616,qemu-ga,0.018181818181818146
1776554646,qemu-ga,0.018181818181818146
1776554676,qemu-ga,0.0181818181818182
1776554706,qemu-ga,0.0181818181818182
1776554736,qemu-ga,0
1776554766,qemu-ga,0.0181818181818182
1776554796,qemu-ga,0.0181818181818182
1776554826,qemu-ga,0
1776554856,qemu-ga,0
1776554886,qemu-ga,0
1776554916,qemu-ga,0.018181818181818146
1776554946,qemu-ga,0.018181818181818146
1776554976,qemu-ga,0
1776555006,qemu-ga,0.0181818181818182
1776555036,qemu-ga,0.0181818181818182
1776555066,qemu-ga,0.0181818181818182
1776555096,qemu-ga,0.0181818181818182
1776555126,qemu-ga,0
1776555156,qemu-ga,0.018181818181818146
1776555186,qemu-ga,0.018181818181818146
1776555216,qemu-ga,0
1776555246,qemu-ga,0
1776555276,qemu-ga,0.0181818181818182
1776555306,qemu-ga,0.0181818181818182
1776555336,qemu-ga,0.0181818181818182
1776555366,qemu-ga,0.03636363636363635
1776555396,qemu-ga,0.018181818181818146
1776555426,qemu-ga,0.0181818181818182
1776555456,qemu-ga,0.0181818181818182
1776555486,qemu-ga,0
1776555516,qemu-ga,0
1776555546,qemu-ga,0
1776555576,qemu-ga,0.0181818181818182
1776555606,qemu-ga,0.0181818181818182
1776555636,qemu-ga,0
1776555666,qemu-ga,0.0181818181818182
1776555696,qemu-ga,0.0181818181818182
1776555726,qemu-ga,0.0181818181818182
1776555756,qemu-ga,0.0181818181818182
1776555786,qemu-ga,0
1776555816,qemu-ga,0.018181818181818098
1776555846,qemu-ga,0.018181818181818098
1776555876,qemu-ga,0
1776555906,qemu-ga,0.0181818181818182
1776555936,qemu-ga,0.0181818181818182
1776555966,qemu-ga,0.0181818181818182
1776555996,qemu-ga,0
1776556026,qemu-ga,0.0181818181818182
1776556056,qemu-ga,0.0181818181818182
1776556086,qemu-ga,0
1776556116,qemu-ga,0.0181818181818182
1776556146,qemu-ga,0.0181818181818182
1776556176,qemu-ga,0
1776556206,qemu-ga,0.0181818181818182
1776556236,qemu-ga,0
1776556266,qemu-ga,0
1776556296,qemu-ga,0
1776556326,qemu-ga,0.018181818181818098
1776556356,qemu-ga,0.018181818181818098
1776556386,qemu-ga,0
1776556416,qemu-ga,0
1776556446,qemu-ga,0.0181818181818182
1776556476,qemu-ga,0.0181818181818182
1776556506,qemu-ga,0
1776556536,qemu-ga,0.0181818181818182
1776556566,qemu-ga,0.0181818181818182
1776556596,qemu-ga,0
1776556626,qemu-ga,0.0181818181818182
1776556656,qemu-ga,0.0181818181818182
1776556686,qemu-ga,0.0181818181818182
1776556716,qemu-ga,0.0181818181818182
1776556746,qemu-ga,0
1776556776,qemu-ga,0.0181818181818182
1776556806,qemu-ga,0.0181818181818182
1776556836,qemu-ga,0
1776553416,qemu-ga,0
1776553446,qemu-ga,0.017972727272727272
1776553476,qemu-ga,0.017972727272727272
1776553506,qemu-ga,0.01818181818181818
1776553536,qemu-ga,0.01818181818181818
1776553566,qemu-ga,0.018181818181818177
1776553596,qemu-ga,0.018181818181818177
1776553626,qemu-ga,0.018181818181818184
1776553656,qemu-ga,0
1776553686,qemu-ga,0.018181818181818184
1776553716,qemu-ga,0.036363636363636355
1776553746,qemu-ga,0.018181818181818174
1776553776,qemu-ga,0.0181818181818182
1776553806,qemu-ga,0
1776553836,qemu-ga,0.018181818181818174
1776553866,qemu-ga,0.018181818181818174
1776553896,qemu-ga,0.018181818181818174
1776553926,qemu-ga,0.03636363636363637
1776553956,qemu-ga,0.0181818181818182
1776553986,qemu-ga,0.018181818181818174
1776554016,qemu-ga,0.018181818181818174
1776554046,qemu-ga,0.018181818181818174
1776554076,qemu-ga,0
1776554106,qemu-ga,0.0181818181818182
1776554136,qemu-ga,0.0181818181818182
1776554166,qemu-ga,0.0181818181818182
1776554196,qemu-ga,0.018181818181818146
1776554226,qemu-ga,0.018181818181818146
1776554256,qemu-ga,0
1776554286,qemu-ga,0.0181818181818182
1776554316,qemu-ga,0.0181818181818182
1776554346,qemu-ga,0.0181818181818182
1776554376,qemu-ga,0.0181818181818182
1776554406,qemu-ga,0.018181818181818146
1776554436,qemu-ga,0.018181818181818146
1776554466,qemu-ga,0.0181818181818182
1776554496,qemu-ga,0.0363636363636364
1776554526,qemu-ga,0.0181818181818182
1776554556,qemu-ga,0.018181818181818146
1776554586,qemu-ga,0.018181818181818146
1776554616,qemu-ga,0
1776554646,qemu-ga,0.0181818181818182
1776554676,qemu-ga,0.0181818181818182
1776554706,qemu-ga,0.0181818181818182
1776554736,qemu-ga,0.018181818181818146
1776554766,qemu-ga,0.018181818181818146
1776554796,qemu-ga,0
1776554826,qemu-ga,0.0181818181818182
1776554856,qemu-ga,0.0181818181818182
1776554886,qemu-ga,0.0181818181818182
1776554916,qemu-ga,0.0181818181818182
1776554946,qemu-ga,0.0181818181818182
1776554976,qemu-ga,0.0181818181818182
1776555006,qemu-ga,0.0181818181818182
1776555036,qemu-ga,0
1776555066,qemu-ga,0.018181818181818098
1776555096,qemu-ga,0
1776555126,qemu-ga,0.0181818181818182
1776555156,qemu-ga,0.0181818181818182
1776555186,qemu-ga,0
1776555216,qemu-ga,0.0181818181818182
1776555246,qemu-ga,0.0181818181818182
1776555276,qemu-ga,0.0181818181818182
1776555306,qemu-ga,0.0181818181818182
1776555336,qemu-ga,0.0181818181818182
1776555366,qemu-ga,0
1776555396,qemu-ga,0.0181818181818182
1776555426,qemu-ga,0.0181818181818182
1776555456,qemu-ga,0
1776555486,qemu-ga,0.018181818181818098
1776555516,qemu-ga,0.018181818181818098
1776555546,qemu-ga,0.0181818181818182
1776555576,qemu-ga,0.0363636363636364
1776555606,qemu-ga,0.0181818181818182
1776555636,qemu-ga,0
1776555666,qemu-ga,0.0181818181818182
1776555696,qemu-ga,0.0181818181818182
1776555726,qemu-ga,0
1776555756,qemu-ga,0.0181818181818182
1776555786,qemu-ga,0.0181818181818182
1776555816,qemu-ga,0
1776555846,qemu-ga,0.0181818181818182
1776555876,qemu-ga,0
1776555906,qemu-ga,0.018181818181818098
1776555936,qemu-ga,0
1776555966,qemu-ga,0.0181818181818182
1776555996,qemu-ga,0.0181818181818182
1776556026,qemu-ga,0.0181818181818182
1776556056,qemu-ga,0.0181818181818182
1776556086,qemu-ga,0.0181818181818182
1776556116,qemu-ga,0.0181818181818182
1776556146,qemu-ga,0
1776556176,qemu-ga,0.0181818181818182
1776556206,qemu-ga,0.0181818181818182
1776556236,qemu-ga,0.0181818181818182
1776556266,qemu-ga,0.0181818181818182
1776556296,qemu-ga,0.018181818181818098
1776556326,qemu-ga,0.018181818181818098
1776556356,qemu-ga,0.0181818181818182
1776556386,qemu-ga,0.0181818181818182
1776556416,qemu-ga,0.0181818181818182
1776556446,qemu-ga,0.0181818181818182
1776556476,qemu-ga,0.0181818181818182
1776556506,qemu-ga,0.0181818181818182
1776556536,qemu-ga,0.0181818181818182
1776556566,qemu-ga,0.0181818181818182
1776556596,qemu-ga,0.0181818181818182
1776556626,qemu-ga,0.0181818181818182
1776556656,qemu-ga,0.0181818181818182
1776556686,qemu-ga,0.0181818181818182
1776556716,qemu-ga,0
1776556746,qemu-ga,0.0181818181818182
1776556776,qemu-ga,0.0181818181818182
1776556806,qemu-ga,0.0181818181818182
1776556836,qemu-ga,0.0181818181818182
1776553416,redis-server,0.03908
1776553446,redis-server,0.07189090909090909
1776553476,redis-server,0.05454545454545455
1776553506,redis-server,0.05454545454545456
1776553536,redis-server,0.054545454545454536
1776553566,redis-server,0.03636363636363635
1776553596,redis-server,0.03636363636363637
1776553626,redis-server,0.09090909090909093
1776553656,redis-server,0.14545454545454545
1776553686,redis-server,0.18181818181818182
1776553716,redis-server,0.16363636363636364
1776553746,redis-server,0.16363636363636366
1776553776,redis-server,0.16363636363636366
1776553806,redis-server,0.18181818181818177
1776553836,redis-server,0.16363636363636358
1776553866,redis-server,0.10909090909090907
1776553896,redis-server,0.05454545454545459
1776553926,redis-server,0.05454545454545459
1776553956,redis-server,0.09090909090909098
1776553986,redis-server,0.16363636363636358
1776554016,redis-server,0.2545454545454546
1776554046,redis-server,0.34545454545454535
1776554076,redis-server,0.41818181818181815
1776554106,redis-server,0.4909090909090912
1776554136,redis-server,0.5272727272727273
1776554166,redis-server,0.6000000000000001
1776554196,redis-server,0.6909090909090907
1776554226,redis-server,0.7818181818181816
1776554256,redis-server,0.7818181818181816
1776554286,redis-server,0.7818181818181822
1776554316,redis-server,0.8545454545454548
1776554346,redis-server,0.9272727272727268
1776554376,redis-server,0.9090909090909091
1776554406,redis-server,0.9454545454545455
1776554436,redis-server,0.9999999999999997
1776554466,redis-server,1.0727272727272723
1776554496,redis-server,1.1272727272727265
1776554526,redis-server,1.054545454545453
1776554556,redis-server,0.8909090909090913
1776554586,redis-server,0.5090909090909079
1776554616,redis-server,0.1272727272727278
1776554646,redis-server,0.0363636363636372
1776554676,redis-server,0.036363636363635585
1776554706,redis-server,0.21818181818181837
1776554736,redis-server,0.47272727272727233
1776554766,redis-server,0.672727272727273
1776554796,redis-server,0.8545454545454557
1776554826,redis-server,0.9090909090909091
1776554856,redis-server,1.0363636363636353
1776554886,redis-server,1.1818181818181808
1776554916,redis-server,1.472727272727272
1776554946,redis-server,1.5636363636363644
1776554976,redis-server,1.6181818181818175
1776555006,redis-server,1.5636363636363626
1776555036,redis-server,1.4545454545454524
1776555066,redis-server,1.4909090909090914
1776555096,redis-server,1.4545454545454524
1776555126,redis-server,1.5090909090909093
1776555156,redis-server,1.5636363636363626
1776555186,redis-server,1.5818181818181805
1776555216,redis-server,1.3999999999999992
1776555246,redis-server,1.6000000000000014
1776555276,redis-server,1.1272727272727256
1776555306,redis-server,0.18181818181818116
1776555336,redis-server,0.036363636363635585
1776555366,redis-server,0.3272727272727267
1776555396,redis-server,1.0727272727272723
1776555426,redis-server,1.527272727272727
1776555456,redis-server,1.5090909090909093
1776555486,redis-server,1.527272727272727
1776555516,redis-server,1.4727272727272736
1776555546,redis-server,1.4545454545454557
1776555576,redis-server,1.4909090909090914
1776555606,redis-server,1.490909090909088
1776555636,redis-server,1.4909090909090914
1776555666,redis-server,1.5454545454545414
1776555696,redis-server,1.509090909090906
1776555726,redis-server,1.4909090909090914
1776555756,redis-server,1.4909090909090914
1776555786,redis-server,1.527272727272727
1776555816,redis-server,1.4909090909090914
1776555846,redis-server,1.5454545454545479
1776555876,redis-server,1.6363636363636338
1776555906,redis-server,0.8181818181818169
1776555936,redis-server,0.036363636363635585
1776555966,redis-server,0.0909090909090922
1776555996,redis-server,0.6363636363636389
1776556026,redis-server,1.327272727272728
1776556056,redis-server,1.509090909090906
1776556086,redis-server,1.4545454545454557
1776556116,redis-server,1.4727272727272704
1776556146,redis-server,1.4909090909090914
1776556176,redis-server,1.3999999999999992
1776556206,redis-server,1.4181818181818202
1776556236,redis-server,1.4727272727272704
1776556266,redis-server,1.5454545454545414
1776556296,redis-server,1.5454545454545414
1776556326,redis-server,1.509090909090906
1776556356,redis-server,1.5636363636363626
1776556386,redis-server,1.5999999999999979
1776556416,redis-server,1.5818181818181836
1776556446,redis-server,1.5454545454545479
1776556476,redis-server,1.490909090909085
1776556506,redis-server,1.527272727272727
1776556536,redis-server,1.69090909090909
1776556566,redis-server,1.2727272727272714
1776556596,redis-server,0.34545454545454773
1776556626,redis-server,0.05454545454545661
1776556656,redis-server,0.7090909090909037
1776556686,redis-server,1.6181818181818193
1776556716,redis-server,1.6363636363636402
1776556746,redis-server,1.5272727272727333
1776556776,redis-server,1.527272727272727
1776556806,redis-server,1.1454545454545435
1776556836,redis-server,0.2909090909090912
1776553416,redis-server,0.042413333333333324
1776553446,redis-server,0.054545454545454536
1776553476,redis-server,0.054545454545454536
1776553506,redis-server,0.0909090909090909
1776553536,redis-server,0.054545454545454536
1776553566,redis-server,0.054545454545454536
1776553596,redis-server,0.09090909090909088
1776553626,redis-server,0.10909090909090907
1776553656,redis-server,0.14545454545454548
1776553686,redis-server,0.16363636363636366
1776553716,redis-server,0.2
1776553746,redis-server,0.20000000000000004
1776553776,redis-server,0.18181818181818185
1776553806,redis-server,0.18181818181818185
1776553836,redis-server,0.18181818181818177
1776553866,redis-server,0.12727272727272718
1776553896,redis-server,0.0727272727272728
1776553926,redis-server,0.05454545454545459
1776553956,redis-server,0.09090909090909098
1776553986,redis-server,0.2363636363636364
1776554016,redis-server,0.30909090909090897
1776554046,redis-server,0.3999999999999999
1776554076,redis-server,0.4727272727272725
1776554106,redis-server,0.5818181818181819
1776554136,redis-server,0.7090909090909093
1776554166,redis-server,0.7818181818181816
1776554196,redis-server,0.7818181818181816
1776554226,redis-server,0.8181818181818177
1776554256,redis-server,0.8909090909090913
1776554286,redis-server,1.0000000000000004
1776554316,redis-server,1.036363636363636
1776554346,redis-server,1.0909090909090902
1776554376,redis-server,1.2363636363636366
1776554406,redis-server,1.3272727272727272
1776554436,redis-server,1.345454545454546
1776554466,redis-server,1.3090909090909086
1776554496,redis-server,1.2545454545454553
1776554526,redis-server,1.3272727272727265
1776554556,redis-server,1.1818181818181808
1776554586,redis-server,0.6181818181818179
1776554616,redis-server,0.18181818181818116
1776554646,redis-server,0.054545454545454994
1776554676,redis-server,0.10909090909090999
1776554706,redis-server,0.2909090909090912
1776554736,redis-server,0.5454545454545467
1776554766,redis-server,0.7272727272727278
1776554796,redis-server,0.8545454545454557
1776554826,redis-server,1.0909090909090902
1776554856,redis-server,1.3090909090909086
1776554886,redis-server,1.6545454545454548
1776554916,redis-server,1.9090909090909103
1776554946,redis-server,1.9090909090909103
1776554976,redis-server,1.8727272727272715
1776555006,redis-server,1.8000000000000003
1776555036,redis-server,1.8545454545454536
1776555066,redis-server,1.7636363636363648
1776555096,redis-server,1.709090909090908
1776555126,redis-server,1.8181818181818181
1776555156,redis-server,1.8000000000000003
1776555186,redis-server,1.9272727272727281
1776555216,redis-server,1.836363636363636
1776555246,redis-server,1.836363636363636
1776555276,redis-server,1.2727272727272747
1776555306,redis-server,0.23636363636363777
1776555336,redis-server,0.07272727272727117
1776555366,redis-server,0.41818181818181893
1776555396,redis-server,1.3818181818181814
1776555426,redis-server,1.8181818181818181
1776555456,redis-server,1.836363636363639
1776555486,redis-server,1.8181818181818181
1776555516,redis-server,1.8545454545454536
1776555546,redis-server,1.8545454545454536
1776555576,redis-server,1.890909090909096
1776555606,redis-server,1.8909090909090893
1776555636,redis-server,1.8545454545454536
1776555666,redis-server,1.8545454545454536
1776555696,redis-server,1.9272727272727246
1776555726,redis-server,1.9818181818181815
1776555756,redis-server,1.9818181818181815
1776555786,redis-server,1.9272727272727246
1776555816,redis-server,1.9636363636363605
1776555846,redis-server,1.9272727272727312
1776555876,redis-server,1.7636363636363612
1776555906,redis-server,0.8000000000000023
1776555936,redis-server,0.05454545454545661
1776555966,redis-server,0.1454545454545488
1776555996,redis-server,0.8000000000000023
1776556026,redis-server,1.6727272727272757
1776556056,redis-server,1.8545454545454536
1776556086,redis-server,1.9272727272727312
1776556116,redis-server,1.8909090909090893
1776556146,redis-server,1.8545454545454536
1776556176,redis-server,1.9272727272727246
1776556206,redis-server,1.945454545454546
1776556236,redis-server,1.9636363636363605
1776556266,redis-server,1.9272727272727312
1776556296,redis-server,1.9090909090909103
1776556326,redis-server,1.8545454545454536
1776556356,redis-server,1.85454545454546
1776556386,redis-server,1.9090909090909036
1776556416,redis-server,1.9272727272727312
1776556446,redis-server,1.8727272727272748
1776556476,redis-server,1.8727272727272748
1776556506,redis-server,1.8909090909091022
1776556536,redis-server,1.945454545454546
1776556566,redis-server,1.4909090909090914
1776556596,redis-server,0.43636363636363995
1776556626,redis-server,0.03636363636362913
1776556656,redis-server,0.7999999999999958
1776556686,redis-server,1.6727272727272757
1776556716,redis-server,1.7272727272727324
1776556746,redis-server,1.85454545454546
1776556776,redis-server,1.8545454545454472
1776556806,redis-server,1.3272727272727345
1776556836,redis-server,0.3636363636363559
1776553446,sshd,0
1776553476,sshd,0
1776553506,sshd,0
1776553536,sshd,0
1776553566,sshd,0
1776553596,sshd,0
1776553626,sshd,0
1776553656,sshd,0
1776553686,sshd,0
1776553716,sshd,0
1776553746,sshd,0
1776553776,sshd,0
1776553806,sshd,0
1776553836,sshd,0
1776553866,sshd,0
1776553896,sshd,0
1776553926,sshd,0
1776553956,sshd,0
1776553986,sshd,0
1776554016,sshd,0
1776554046,sshd,0
1776554076,sshd,0
1776554106,sshd,0
1776554136,sshd,0
1776554166,sshd,0
1776554196,sshd,0
1776554226,sshd,0
1776554256,sshd,0
1776554286,sshd,0
1776554316,sshd,0
1776554346,sshd,0
1776554376,sshd,0
1776554406,sshd,0
1776554436,sshd,0
1776554466,sshd,0
1776554496,sshd,0
1776554526,sshd,0
1776554556,sshd,0
1776554586,sshd,0
1776554616,sshd,0
1776554646,sshd,0
1776554676,sshd,0
1776554706,sshd,0
1776554736,sshd,0
1776554766,sshd,0
1776554796,sshd,0
1776554826,sshd,0
1776554856,sshd,0
1776554886,sshd,0
1776554916,sshd,0
1776554946,sshd,0
1776554976,sshd,0
1776555006,sshd,0
1776555036,sshd,0
1776555066,sshd,0
1776555096,sshd,0
1776555126,sshd,0
1776555156,sshd,0
1776555186,sshd,0
1776555216,sshd,0
1776555246,sshd,0
1776555276,sshd,0
1776555306,sshd,0
1776555336,sshd,0
1776555366,sshd,0
1776555396,sshd,0
1776555426,sshd,0
1776555456,sshd,0
1776555486,sshd,0
1776555516,sshd,0
1776555546,sshd,0
1776555576,sshd,0
1776555606,sshd,0
1776555636,sshd,0
1776555666,sshd,0
1776555696,sshd,0
1776555726,sshd,0
1776555756,sshd,0
1776555786,sshd,0
1776555816,sshd,0
1776555846,sshd,0
1776555876,sshd,0
1776555906,sshd,0
1776555936,sshd,0
1776555966,sshd,0
1776555996,sshd,0
1776556026,sshd,0
1776556056,sshd,0
1776556086,sshd,0
1776556116,sshd,0
1776556146,sshd,0
1776556176,sshd,0
1776556206,sshd,0
1776556236,sshd,0
1776556266,sshd,0
1776556296,sshd,0
1776556326,sshd,0
1776556356,sshd,0
1776556386,sshd,0
1776556416,sshd,0
1776556446,sshd,0
1776556476,sshd,0
1776556506,sshd,0
1776556536,sshd,0
1776556566,sshd,0
1776556596,sshd,0
1776556626,sshd,0
1776556656,sshd,0
1776556686,sshd,0
1776556716,sshd,0
1776556746,sshd,0
1776556776,sshd,0
1776556806,sshd,0
1776556836,sshd,0
1776553446,sshd,0
1776553476,sshd,0
1776553506,sshd,0
1776553536,sshd,0
1776553566,sshd,0
1776553596,sshd,0
1776553626,sshd,0
1776553656,sshd,0
1776553686,sshd,0
1776553716,sshd,0
1776553746,sshd,0
1776553776,sshd,0
1776553806,sshd,0
1776553836,sshd,0
1776553866,sshd,0
1776553896,sshd,0
1776553926,sshd,0
1776553956,sshd,0
1776553986,sshd,0
1776554016,sshd,0
1776554046,sshd,0
1776554076,sshd,0
1776554106,sshd,0
1776554136,sshd,0
1776554166,sshd,0
1776554196,sshd,0
1776554226,sshd,0
1776554256,sshd,0
1776554286,sshd,0
1776554316,sshd,0
1776554346,sshd,0
1776554376,sshd,0
1776554406,sshd,0
1776554436,sshd,0
1776554466,sshd,0
1776554496,sshd,0
1776554526,sshd,0
1776554556,sshd,0
1776554586,sshd,0
1776554616,sshd,0
1776554646,sshd,0
1776554676,sshd,0
1776554706,sshd,0
1776554736,sshd,0
1776554766,sshd,0
1776554796,sshd,0
1776554826,sshd,0
1776554856,sshd,0
1776554886,sshd,0
1776554916,sshd,0
1776554946,sshd,0
1776554976,sshd,0
1776555006,sshd,0
1776555036,sshd,0
1776555066,sshd,0
1776555096,sshd,0
1776555126,sshd,0
1776555156,sshd,0
1776555186,sshd,0
1776555216,sshd,0
1776555246,sshd,0
1776555276,sshd,0
1776555306,sshd,0
1776555336,sshd,0
1776555366,sshd,0
1776555396,sshd,0
1776555426,sshd,0
1776555456,sshd,0
1776555486,sshd,0
1776555516,sshd,0
1776555546,sshd,0
1776555576,sshd,0
1776555606,sshd,0
1776555636,sshd,0
1776555666,sshd,0
1776555696,sshd,0
1776555726,sshd,0
1776555756,sshd,0
1776555786,sshd,0
1776555816,sshd,0
1776555846,sshd,0
1776555876,sshd,0
1776555906,sshd,0
1776555936,sshd,0
1776555966,sshd,0
1776555996,sshd,0
1776556026,sshd,0
1776556056,sshd,0
1776556086,sshd,0
1776556116,sshd,0
1776556146,sshd,0
1776556176,sshd,0
1776556206,sshd,0
1776556236,sshd,0
1776556266,sshd,0
1776556296,sshd,0
1776556326,sshd,0
1776556356,sshd,0
1776556386,sshd,0
1776556416,sshd,0
1776556446,sshd,0
1776556476,sshd,0
1776556506,sshd,0
1776556536,sshd,0
1776556566,sshd,0
1776556596,sshd,0
1776556626,sshd,0
1776556656,sshd,0
1776556686,sshd,0
1776556716,sshd,0
1776556746,sshd,0
1776556776,sshd,0
1776556806,sshd,0
1776556836,sshd,0
1776553416,systemd,0.042413333333333365
1776553446,systemd,0.054545454545454494
1776553476,systemd,0.03636363636363629
1776553506,systemd,0.0363636363636364
1776553536,systemd,0
1776553566,systemd,0
1776553596,systemd,0.05454545454545459
1776553626,systemd,0.0181818181818182
1776553656,systemd,0.0181818181818182
1776553686,systemd,0
1776553716,systemd,0.0181818181818182
1776553746,systemd,0.0181818181818182
1776553776,systemd,0.0363636363636364
1776553806,systemd,0.0181818181818182
1776553836,systemd,0.0181818181818182
1776553866,systemd,0.0181818181818182
1776553896,systemd,0.018181818181817997
1776553926,systemd,0.07272727272727258
1776553956,systemd,0.05454545454545459
1776553986,systemd,0
1776554016,systemd,0.0181818181818182
1776554046,systemd,0.0181818181818182
1776554076,systemd,0.0181818181818182
1776554106,systemd,0.0181818181818182
1776554136,systemd,0.0181818181818182
1776554166,systemd,0.0363636363636364
1776554196,systemd,0.0363636363636364
1776554226,systemd,0.0181818181818182
1776554256,systemd,0.0181818181818182
1776554286,systemd,0.0181818181818182
1776554316,systemd,0.0181818181818182
1776554346,systemd,0.0181818181818182
1776554376,systemd,0.0181818181818182
1776554406,systemd,0.0181818181818182
1776554436,systemd,0.0181818181818182
1776554466,systemd,0.018181818181817997
1776554496,systemd,0.036363636363636195
1776554526,systemd,0.0181818181818182
1776554556,systemd,0.0181818181818182
1776554586,systemd,0.0363636363636364
1776554616,systemd,0.0363636363636364
1776554646,systemd,0.0181818181818182
1776554676,systemd,0.05454545454545459
1776554706,systemd,0.0181818181818182
1776554736,systemd,0
1776554766,systemd,0.0181818181818182
1776554796,systemd,0.0181818181818182
1776554826,systemd,0.0181818181818182
1776554856,systemd,0.0181818181818182
1776554886,systemd,0.0363636363636364
1776554916,systemd,0.0181818181818182
1776554946,systemd,0.0181818181818182
1776554976,systemd,0.036363636363636195
1776555006,systemd,0.0181818181818182
1776555036,systemd,0.0181818181818182
1776555066,systemd,0.0181818181818182
1776555096,systemd,0
1776555126,systemd,0.0181818181818182
1776555156,systemd,0.0363636363636364
1776555186,systemd,0.0181818181818182
1776555216,systemd,0.0181818181818182
1776555246,systemd,0.0181818181818182
1776555276,systemd,0.0181818181818182
1776555306,systemd,0.03636363636363629
1776555336,systemd,0.03636363636363629
1776555366,systemd,0.0181818181818182
1776555396,systemd,0.0181818181818182
1776555426,systemd,0.0181818181818182
1776555456,systemd,0
1776555486,systemd,0.0181818181818182
1776555516,systemd,0.0181818181818182
1776555546,systemd,0.0181818181818182
1776555576,systemd,0.036363636363636195
1776555606,systemd,0.018181818181817997
1776555636,systemd,0
1776555666,systemd,0.0181818181818182
1776555696,systemd,0.0363636363636364
1776555726,systemd,0.0181818181818182
1776555756,systemd,0.0181818181818182
1776555786,systemd,0.0363636363636364
1776555816,systemd,0.0181818181818182
1776555846,systemd,0.0181818181818182
1776555876,systemd,0.0363636363636364
1776555906,systemd,0.0181818181818182
1776555936,systemd,0.0181818181818182
1776555966,systemd,0.0363636363636364
1776555996,systemd,0.0181818181818182
1776556026,systemd,0.0181818181818182
1776556056,systemd,0.0181818181818182
1776556086,systemd,0.0181818181818182
1776556116,systemd,0.0181818181818182
1776556146,systemd,0.0181818181818182
1776556176,systemd,0.0181818181818182
1776556206,systemd,0.0363636363636364
1776556236,systemd,0.0363636363636364
1776556266,systemd,0.0181818181818182
1776556296,systemd,0.0181818181818182
1776556326,systemd,0.0363636363636364
1776556356,systemd,0.0181818181818182
1776556386,systemd,0.0181818181818182
1776556416,systemd,0.0181818181818182
1776556446,systemd,0.0181818181818182
1776556476,systemd,0.0181818181818182
1776556506,systemd,0.018181818181817792
1776556536,systemd,0.018181818181817792
1776556566,systemd,0.0181818181818182
1776556596,systemd,0.0181818181818182
1776556626,systemd,0.0363636363636364
1776556656,systemd,0.0363636363636364
1776556686,systemd,0
1776556716,systemd,0.0181818181818182
1776556746,systemd,0.0181818181818182
1776556776,systemd,0.0181818181818182
1776556806,systemd,0.0181818181818182
1776556836,systemd,0.0363636363636364
1776553416,systemd,0.10603333333333337
1776553446,systemd,0.1272727272727273
1776553476,systemd,0.14545454545454548
1776553506,systemd,0.1272727272727273
1776553536,systemd,0.03636363636363635
1776553566,systemd,0.054545454545454536
1776553596,systemd,0.1272727272727273
1776553626,systemd,0.05454545454545459
1776553656,systemd,0.054545454545454494
1776553686,systemd,0.054545454545454494
1776553716,systemd,0.05454545454545459
1776553746,systemd,0.0363636363636364
1776553776,systemd,0.0363636363636364
1776553806,systemd,0.054545454545454494
1776553836,systemd,0.0363636363636364
1776553866,systemd,0.0363636363636364
1776553896,systemd,0.05454545454545459
1776553926,systemd,0.12727272727272718
1776553956,systemd,0.12727272727272718
1776553986,systemd,0.0727272727272728
1776554016,systemd,0.05454545454545459
1776554046,systemd,0.0363636363636364
1776554076,systemd,0.05454545454545459
1776554106,systemd,0.05454545454545459
1776554136,systemd,0.05454545454545459
1776554166,systemd,0.0363636363636364
1776554196,systemd,0.0363636363636364
1776554226,systemd,0.05454545454545438
1776554256,systemd,0.05454545454545438
1776554286,systemd,0.05454545454545459
1776554316,systemd,0.05454545454545459
1776554346,systemd,0.05454545454545459
1776554376,systemd,0.0363636363636364
1776554406,systemd,0.05454545454545459
1776554436,systemd,0.05454545454545459
1776554466,systemd,0.05454545454545438
1776554496,systemd,0.036363636363636195
1776554526,systemd,0.05454545454545459
1776554556,systemd,0.05454545454545459
1776554586,systemd,0.0363636363636364
1776554616,systemd,0.0363636363636364
1776554646,systemd,0.0363636363636364
1776554676,systemd,0.10909090909090918
1776554706,systemd,0.05454545454545459
1776554736,systemd,0.07272727272727258
1776554766,systemd,0.05454545454545438
1776554796,systemd,0.0363636363636364
1776554826,systemd,0.0363636363636364
1776554856,systemd,0.0363636363636364
1776554886,systemd,0.05454545454545459
1776554916,systemd,0.05454545454545459
1776554946,systemd,0.0363636363636364
1776554976,systemd,0.0363636363636364
1776555006,systemd,0.05454545454545398
1776555036,systemd,0.05454545454545419
1776555066,systemd,0.0727272727272728
1776555096,systemd,0.05454545454545459
1776555126,systemd,0.0363636363636364
1776555156,systemd,0.05454545454545459
1776555186,systemd,0.0363636363636364
1776555216,systemd,0.05454545454545459
1776555246,systemd,0.0727272727272728
1776555276,systemd,0.05454545454545459
1776555306,systemd,0.0363636363636364
1776555336,systemd,0.1272727272727274
1776555366,systemd,0.14545454545454517
1776555396,systemd,0.05454545454545459
1776555426,systemd,0.0727272727272728
1776555456,systemd,0.05454545454545459
1776555486,systemd,0.05454545454545459
1776555516,systemd,0.05454545454545459
1776555546,systemd,0.05454545454545459
1776555576,systemd,0.05454545454545459
1776555606,systemd,0.0363636363636364
1776555636,systemd,0.05454545454545459
1776555666,systemd,0.0363636363636364
1776555696,systemd,0.05454545454545459
1776555726,systemd,0.05454545454545459
1776555756,systemd,0.05454545454545459
1776555786,systemd,0.0363636363636364
1776555816,systemd,0.05454545454545419
1776555846,systemd,0.036363636363635994
1776555876,systemd,0.05454545454545459
1776555906,systemd,0.0363636363636364
1776555936,systemd,0.0363636363636364
1776555966,systemd,0.1272727272727274
1776555996,systemd,0.0727272727272728
1776556026,systemd,0.0727272727272728
1776556056,systemd,0.05454545454545459
1776556086,systemd,0.0727272727272728
1776556116,systemd,0.05454545454545459
1776556146,systemd,0.05454545454545459
1776556176,systemd,0.05454545454545459
1776556206,systemd,0.0363636363636364
1776556236,systemd,0.05454545454545459
1776556266,systemd,0.05454545454545419
1776556296,systemd,0.05454545454545419
1776556326,systemd,0.0363636363636364
1776556356,systemd,0.05454545454545459
1776556386,systemd,0.05454545454545459
1776556416,systemd,0.05454545454545459
1776556446,systemd,0.05454545454545459
1776556476,systemd,0.0363636363636364
1776556506,systemd,0.05454545454545459
1776556536,systemd,0.05454545454545459
1776556566,systemd,0.05454545454545459
1776556596,systemd,0.0363636363636364
1776556626,systemd,0.1272727272727274
1776556656,systemd,0.12727272727272698
1776556686,systemd,0.07272727272727157
1776556716,systemd,0.05454545454545338
1776556746,systemd,0.05454545454545338
1776556776,systemd,0.036363636363635585
1776556806,systemd,0.05454545454545338
1776556836,systemd,0.036363636363635585
