1776549873,chronyd,5.703125
1776549903,chronyd,5.703125
1776549933,chronyd,5.703125
1776549963,chronyd,5.703125
1776549993,chronyd,5.703125
1776550023,chronyd,5.703125
1776550053,chronyd,5.703125
1776550083,chronyd,5.703125
1776550113,chronyd,5.703125
1776550143,chronyd,5.703125
1776550173,chronyd,5.703125
1776550203,chronyd,5.703125
1776550233,chronyd,5.703125
1776550263,chronyd,5.703125
1776550293,chronyd,5.703125
1776550323,chronyd,5.703125
1776550353,chronyd,5.703125
1776550383,chronyd,5.703125
1776550413,chronyd,5.703125
1776550443,chronyd,5.703125
1776550473,chronyd,5.703125
1776550503,chronyd,5.703125
1776550533,chronyd,5.703125
1776550563,chronyd,5.703125
1776550593,chronyd,5.703125
1776550623,chronyd,5.703125
1776550653,chronyd,5.703125
1776550683,chronyd,5.703125
1776550713,chronyd,5.703125
1776550743,chronyd,5.703125
1776550773,chronyd,5.703125
1776550803,chronyd,5.703125
1776550833,chronyd,5.703125
1776550863,chronyd,5.703125
1776550893,chronyd,5.703125
1776550923,chronyd,5.703125
1776550953,chronyd,5.703125
1776550983,chronyd,5.703125
1776551013,chronyd,5.703125
1776551043,chronyd,5.703125
1776551073,chronyd,5.703125
1776551103,chronyd,5.703125
1776551133,chronyd,5.703125
1776551163,chronyd,5.703125
1776551193,chronyd,5.703125
1776551223,chronyd,5.703125
1776551253,chronyd,5.703125
1776551283,chronyd,5.703125
1776551313,chronyd,5.703125
1776551343,chronyd,5.703125
1776551373,chronyd,5.703125
1776551403,chronyd,5.703125
1776551433,chronyd,5.703125
1776551463,chronyd,5.703125
1776551493,chronyd,5.703125
1776551523,chronyd,5.703125
1776551553,chronyd,5.703125
1776551583,chronyd,5.703125
1776551613,chronyd,5.703125
1776551643,chronyd,5.703125
1776551673,chronyd,5.703125
1776551703,chronyd,5.703125
1776551733,chronyd,5.703125
1776551763,chronyd,5.703125
1776551793,chronyd,5.703125
1776551823,chronyd,5.703125
1776551853,chronyd,5.703125
1776551883,chronyd,5.703125
1776551913,chronyd,5.703125
1776551943,chronyd,5.703125
1776551973,chronyd,5.703125
1776552003,chronyd,5.703125
1776552033,chronyd,5.703125
1776552063,chronyd,5.703125
1776552093,chronyd,5.703125
1776552123,chronyd,5.703125
1776552153,chronyd,5.703125
1776552183,chronyd,5.703125
1776552213,chronyd,5.703125
1776552243,chronyd,5.703125
1776552273,chronyd,5.703125
1776552303,chronyd,5.703125
1776552333,chronyd,5.703125
1776552363,chronyd,5.703125
1776552393,chronyd,5.703125
1776552423,chronyd,5.703125
1776552453,chronyd,5.703125
1776552483,chronyd,5.703125
1776552513,chronyd,5.703125
1776552543,chronyd,5.703125
1776552573,chronyd,5.703125
1776552603,chronyd,5.703125
1776552633,chronyd,5.703125
1776552663,chronyd,5.703125
1776552693,chronyd,5.703125
1776552723,chronyd,5.703125
1776552753,chronyd,5.703125
1776552783,chronyd,5.703125
1776552813,chronyd,5.703125
1776552843,chronyd,5.703125
1776552873,chronyd,5.703125
1776552903,chronyd,5.703125
1776552933,chronyd,5.703125
1776552963,chronyd,5.703125
1776552993,chronyd,5.703125
1776553023,chronyd,5.703125
1776553053,chronyd,5.703125
1776553083,chronyd,5.703125
1776553113,chronyd,5.703125
1776553143,chronyd,5.703125
1776553173,chronyd,5.703125
1776553203,chronyd,5.703125
1776553233,chronyd,5.703125
1776553263,chronyd,5.703125
1776553293,chronyd,5.703125
1776549873,mysqld,543.68359375
1776549903,mysqld,566.05859375
1776549933,mysqld,559.453125
1776549963,mysqld,566.75390625
1776549993,mysqld,566.87890625
1776550023,mysqld,566.87890625
1776550053,mysqld,566.921875
1776550083,mysqld,568.3515625
1776550113,mysqld,569.24609375
1776550143,mysqld,569.28125
1776550173,mysqld,569.27734375
1776550203,mysqld,569.3359375
1776550233,mysqld,569.36328125
1776550263,mysqld,569.34765625
1776550293,mysqld,569.57421875
1776550323,mysqld,569.77734375
1776550353,mysqld,569.77734375
1776550383,mysqld,545.37890625
1776550413,mysqld,568.796875
1776550443,mysqld,569.6171875
1776550473,mysqld,570.875
1776550503,mysqld,571.125
1776550533,mysqld,571.98046875
1776550563,mysqld,571.9921875
1776550593,mysqld,572.6953125
1776550623,mysqld,573.05859375
1776550653,mysqld,574.60546875
1776550683,mysqld,576.87109375
1776550713,mysqld,577.515625
1776550743,mysqld,615.78125
1776550773,mysqld,623.109375
1776550803,mysqld,623.8984375
1776550833,mysqld,625.66796875
1776550863,mysqld,625.3359375
1776550893,mysqld,626.140625
1776550923,mysqld,626.45703125
1776550953,mysqld,627.609375
1776550983,mysqld,627.83203125
1776551013,mysqld,628.06640625
1776551043,mysqld,627.91015625
1776551073,mysqld,628.03515625
1776551103,mysqld,628.03515625
1776551133,mysqld,568.00390625
1776551163,mysqld,570.75
1776551193,mysqld,571.53515625
1776551223,mysqld,572.16015625
1776551253,mysqld,613.296875
1776551283,mysqld,621.3828125
1776551313,mysqld,625.57421875
1776551343,mysqld,631.01171875
1776551373,mysqld,633.97265625
1776551403,mysqld,635.90625
1776551433,mysqld,634.12890625
1776551463,mysqld,634.55078125
1776551493,mysqld,638.234375
1776551523,mysqld,638.89453125
1776551553,mysqld,639.5703125
1776551583,mysqld,640.2890625
1776551613,mysqld,640.40625
1776551643,mysqld,640.64453125
1776551673,mysqld,640.99609375
1776551703,mysqld,636.9375
1776551733,mysqld,636.55859375
1776551763,mysqld,636.55859375
1776551793,mysqld,545.06640625
1776551823,mysqld,571.3671875
1776551853,mysqld,630.625
1776551883,mysqld,633.43359375
1776551913,mysqld,634.33203125
1776551943,mysqld,635.44921875
1776551973,mysqld,635.45703125
1776552003,mysqld,635.3515625
1776552033,mysqld,636.50390625
1776552063,mysqld,637.32421875
1776552093,mysqld,637.33984375
1776552123,mysqld,636.78515625
1776552153,mysqld,639.1953125
1776552183,mysqld,639.86328125
1776552213,mysqld,640.140625
1776552243,mysqld,637.69921875
1776552273,mysqld,640.2109375
1776552303,mysqld,640.45703125
1776552333,mysqld,641.2578125
1776552363,mysqld,637.125
1776552393,mysqld,637.125
1776552423,mysqld,569.27734375
1776552453,mysqld,624.765625
1776552483,mysqld,632.98046875
1776552513,mysqld,635.1875
1776552543,mysqld,635.38671875
1776552573,mysqld,636.49609375
1776552603,mysqld,636.60546875
1776552633,mysqld,637.40234375
1776552663,mysqld,637.54296875
1776552693,mysqld,638.37109375
1776552723,mysqld,638.32421875
1776552753,mysqld,639.05078125
1776552783,mysqld,639.73046875
1776552813,mysqld,639.45703125
1776552843,mysqld,640.45703125
1776552873,mysqld,639.56640625
1776552903,mysqld,640.76171875
1776552933,mysqld,639.234375
1776552963,mysqld,641.89453125
1776552993,mysqld,642.11328125
1776553023,mysqld,637.28515625
1776553053,mysqld,637.28515625
1776553083,mysqld,544.26953125
1776553113,mysqld,630.69140625
1776553143,mysqld,633.56640625
1776553173,mysqld,635.79296875
1776553203,mysqld,635.9453125
1776553233,mysqld,636.9609375
1776553263,mysqld,633.6796875
1776553293,mysqld,633.6796875
1776549873,nginx,18.57421875
1776549903,nginx,20.82421875
1776549933,nginx,19.44921875
1776549963,nginx,20.94921875
1776549993,nginx,20.94921875
1776550023,nginx,20.94921875
1776550053,nginx,22.44921875
1776550083,nginx,22.44921875
1776550113,nginx,22.44921875
1776550143,nginx,22.44921875
1776550173,nginx,22.44921875
1776550203,nginx,22.44921875
1776550233,nginx,22.44921875
1776550263,nginx,22.44921875
1776550293,nginx,22.44921875
1776550323,nginx,22.44921875
1776550353,nginx,22.44921875
1776550383,nginx,18.61328125
1776550413,nginx,22.73828125
1776550443,nginx,22.86328125
1776550473,nginx,22.98828125
1776550503,nginx,22.98828125
1776550533,nginx,22.98828125
1776550563,nginx,22.98828125
1776550593,nginx,22.98828125
1776550623,nginx,22.98828125
1776550653,nginx,22.98828125
1776550683,nginx,22.98828125
1776550713,nginx,22.98828125
1776550743,nginx,22.98828125
1776550773,nginx,22.98828125
1776550803,nginx,23.11328125
1776550833,nginx,23.11328125
1776550863,nginx,23.23828125
1776550893,nginx,23.23828125
1776550923,nginx,23.23828125
1776550953,nginx,23.23828125
1776550983,nginx,23.23828125
1776551013,nginx,23.23828125
1776551043,nginx,23.23828125
1776551073,nginx,23.23828125
1776551103,nginx,23.23828125
1776551133,nginx,22.69921875
1776551163,nginx,22.69921875
1776551193,nginx,22.69921875
1776551223,nginx,22.69921875
1776551253,nginx,22.69921875
1776551283,nginx,22.69921875
1776551313,nginx,22.69921875
1776551343,nginx,23.07421875
1776551373,nginx,23.19921875
1776551403,nginx,23.32421875
1776551433,nginx,23.94921875
1776551463,nginx,24.44921875
1776551493,nginx,24.94921875
1776551523,nginx,25.44921875
1776551553,nginx,26.19921875
1776551583,nginx,26.69921875
1776551613,nginx,27.69921875
1776551643,nginx,28.82421875
1776551673,nginx,29.44921875
1776551703,nginx,29.44921875
1776551733,nginx,28.2109375
1776551763,nginx,28.2109375
1776551793,nginx,18.44921875
1776551823,nginx,22.32421875
1776551853,nginx,22.94921875
1776551883,nginx,24.07421875
1776551913,nginx,25.69921875
1776551943,nginx,28.07421875
1776551973,nginx,30.32421875
1776552003,nginx,31.07421875
1776552033,nginx,31.07421875
1776552063,nginx,31.07421875
1776552093,nginx,31.07421875
1776552123,nginx,31.07421875
1776552153,nginx,31.19921875
1776552183,nginx,31.19921875
1776552213,nginx,31.19921875
1776552243,nginx,31.19921875
1776552273,nginx,31.19921875
1776552303,nginx,31.19921875
1776552333,nginx,31.19921875
1776552363,nginx,30.55859375
1776552393,nginx,30.55859375
1776552423,nginx,22.07421875
1776552453,nginx,22.32421875
1776552483,nginx,23.44921875
1776552513,nginx,24.94921875
1776552543,nginx,26.57421875
1776552573,nginx,27.82421875
1776552603,nginx,29.44921875
1776552633,nginx,31.19921875
1776552663,nginx,33.07421875
1776552693,nginx,33.19921875
1776552723,nginx,33.19921875
1776552753,nginx,33.32421875
1776552783,nginx,33.32421875
1776552813,nginx,33.32421875
1776552843,nginx,33.32421875
1776552873,nginx,33.32421875
1776552903,nginx,33.32421875
1776552933,nginx,33.32421875
1776552963,nginx,33.32421875
1776552993,nginx,33.32421875
1776553023,nginx,32.2890625
1776553053,nginx,32.2890625
1776553083,nginx,18.82421875
1776553113,nginx,23.44921875
1776553143,nginx,23.69921875
1776553173,nginx,23.69921875
1776553203,nginx,23.69921875
1776553233,nginx,23.69921875
1776553263,nginx,23.69921875
1776553293,nginx,23.69921875
1776549873,other,338.52734375
1776549903,other,368.29296875
1776549933,other,369.328125
1776549963,other,369.46484375
1776549993,other,369.671875
1776550023,other,369.91015625
1776550053,other,369.60546875
1776550083,other,369.35546875
1776550113,other,370.22265625
1776550143,other,369.94921875
1776550173,other,370.04296875
1776550203,other,329.13671875
1776550233,other,329.88671875
1776550263,other,330.05859375
1776550293,other,329.4921875
1776550323,other,330.05078125
1776550353,other,330.171875
1776550383,other,333.5
1776550413,other,329.98046875
1776550443,other,330.28125
1776550473,other,329.8984375
1776550503,other,330.34765625
1776550533,other,330.53125
1776550563,other,330.1953125
1776550593,other,330.6015625
1776550623,other,330.3203125
1776550653,other,331.09765625
1776550683,other,330.6640625
1776550713,other,330.34765625
1776550743,other,331.109375
1776550773,other,331.3125
1776550803,other,330.9375
1776550833,other,330.49609375
1776550863,other,331.1328125
1776550893,other,330.46484375
1776550923,other,331.421875
1776550953,other,331.18359375
1776550983,other,330.80859375
1776551013,other,331.23046875
1776551043,other,330.52734375
1776551073,other,330.53125
1776551103,other,331.046875
1776551133,other,331.0546875
1776551163,other,331.140625
1776551193,other,331.04296875
1776551223,other,331.15625
1776551253,other,330.23828125
1776551283,other,332.3984375
1776551313,other,330.84375
1776551343,other,331.36328125
1776551373,other,331.86328125
1776551403,other,331.55078125
1776551433,other,331.98046875
1776551463,other,331.72265625
1776551493,other,331.0078125
1776551523,other,331.359375
1776551553,other,332.23828125
1776551583,other,332.33203125
1776551613,other,331.30859375
1776551643,other,331.07421875
1776551673,other,331.8828125
1776551703,other,331.8359375
1776551733,other,331.7734375
1776551763,other,331.69921875
1776551793,other,335.33203125
1776551823,other,331.75
1776551853,other,332.46875
1776551883,other,332.27734375
1776551913,other,332.6171875
1776551943,other,332.1953125
1776551973,other,331.625
1776552003,other,331.83203125
1776552033,other,332.26953125
1776552063,other,331.9765625
1776552093,other,332.953125
1776552123,other,332.5703125
1776552153,other,332.09765625
1776552183,other,333.2421875
1776552213,other,333.07421875
1776552243,other,332.3125
1776552273,other,331.984375
1776552303,other,331.59765625
1776552333,other,331.4140625
1776552363,other,331.8046875
1776552393,other,332.4140625
1776552423,other,332.27734375
1776552453,other,332.22265625
1776552483,other,331.9765625
1776552513,other,332.10546875
1776552543,other,332.08203125
1776552573,other,332.296875
1776552603,other,332.01953125
1776552633,other,332.3828125
1776552663,other,331.9453125
1776552693,other,332.36328125
1776552723,other,331.89453125
1776552753,other,332.27734375
1776552783,other,331.90625
1776552813,other,332.84765625
1776552843,other,332.1953125
1776552873,other,332.3359375
1776552903,other,331.76953125
1776552933,other,332.171875
1776552963,other,332.04296875
1776552993,other,332.2265625
1776553023,other,332.81640625
1776553053,other,332.03515625
1776553083,other,335.4609375
1776553113,other,332.66015625
1776553143,other,332.91796875
1776553173,other,332.43359375
1776553203,other,332.4453125
1776553233,other,332.30859375
1776553263,other,332.76171875
1776553293,other,332.37890625
1776549873,php-fpm,180.31640625
1776549903,php-fpm,863.37109375
1776549933,php-fpm,270.0078125
1776549963,php-fpm,864.015625
1776549993,php-fpm,864.015625
1776550023,php-fpm,864.015625
1776550053,php-fpm,859.9765625
1776550083,php-fpm,865.22265625
1776550113,php-fpm,870.79296875
1776550143,php-fpm,867.17578125
1776550173,php-fpm,870.23046875
1776550203,php-fpm,869.578125
1776550233,php-fpm,870.828125
1776550263,php-fpm,870.70703125
1776550293,php-fpm,869.09375
1776550323,php-fpm,871.45703125
1776550353,php-fpm,871.45703125
1776550383,php-fpm,180.75
1776550413,php-fpm,868.4375
1776550443,php-fpm,872.578125
1776550473,php-fpm,870.171875
1776550503,php-fpm,870.2265625
1776550533,php-fpm,875.390625
1776550563,php-fpm,953.19140625
1776550593,php-fpm,1036.46875
1776550623,php-fpm,1109.9375
1776550653,php-fpm,1275.234375
1776550683,php-fpm,1284.484375
1776550713,php-fpm,1254.421875
1776550743,php-fpm,1340.65625
1776550773,php-fpm,1422.3046875
1776550803,php-fpm,1498.2890625
1776550833,php-fpm,1907.24609375
1776550863,php-fpm,1888.70703125
1776550893,php-fpm,1736.51953125
1776550923,php-fpm,2209.25
1776550953,php-fpm,2542.921875
1776550983,php-fpm,2445.26171875
1776551013,php-fpm,1255.55859375
1776551043,php-fpm,1254.12109375
1776551073,php-fpm,1250.92578125
1776551103,php-fpm,1250.92578125
1776551133,php-fpm,861.015625
1776551163,php-fpm,869.31640625
1776551193,php-fpm,871.56640625
1776551223,php-fpm,1115.9140625
1776551253,php-fpm,1358.55078125
1776551283,php-fpm,1581.88671875
1776551313,php-fpm,2395.34765625
1776551343,php-fpm,4083.3359375
1776551373,php-fpm,4124.421875
1776551403,php-fpm,4132.4140625
1776551433,php-fpm,4102.37890625
1776551463,php-fpm,4097.79296875
1776551493,php-fpm,4149.28125
1776551523,php-fpm,4169.3828125
1776551553,php-fpm,4182.5859375
1776551583,php-fpm,4147.734375
1776551613,php-fpm,4177.63671875
1776551643,php-fpm,4173.0546875
1776551673,php-fpm,4165.5625
1776551703,php-fpm,4116.203125
1776551733,php-fpm,2464.61328125
1776551763,php-fpm,1253.75390625
1776551793,php-fpm,181.31640625
1776551823,php-fpm,954.18359375
1776551853,php-fpm,4111.5859375
1776551883,php-fpm,4159.77734375
1776551913,php-fpm,4168.27734375
1776551943,php-fpm,4182.359375
1776551973,php-fpm,4179.37890625
1776552003,php-fpm,4164.95703125
1776552033,php-fpm,4168.13671875
1776552063,php-fpm,4188.95703125
1776552093,php-fpm,4171.20703125
1776552123,php-fpm,4148.89453125
1776552153,php-fpm,4183.546875
1776552183,php-fpm,4204.7421875
1776552213,php-fpm,4197.01953125
1776552243,php-fpm,4141.07421875
1776552273,php-fpm,4182.14453125
1776552303,php-fpm,4193.328125
1776552333,php-fpm,4181.68359375
1776552363,php-fpm,1743.7734375
1776552393,php-fpm,1258.79296875
1776552423,php-fpm,865.921875
1776552453,php-fpm,3742.78125
1776552483,php-fpm,4156.55078125
1776552513,php-fpm,4167.8125
1776552543,php-fpm,4168.87109375
1776552573,php-fpm,4178.7421875
1776552603,php-fpm,4165.1328125
1776552633,php-fpm,4172.81640625
1776552663,php-fpm,4176.17578125
1776552693,php-fpm,4181.6484375
1776552723,php-fpm,4165.8046875
1776552753,php-fpm,4188.76171875
1776552783,php-fpm,4180.30078125
1776552813,php-fpm,4184.24609375
1776552843,php-fpm,4186.375
1776552873,php-fpm,4176.38671875
1776552903,php-fpm,4177.59375
1776552933,php-fpm,4187.96484375
1776552963,php-fpm,4204.16796875
1776552993,php-fpm,4205.96484375
1776553023,php-fpm,3028.08984375
1776553053,php-fpm,1241.5
1776553083,php-fpm,181.06640625
1776553113,php-fpm,4041.390625
1776553143,php-fpm,4103.8203125
1776553173,php-fpm,4124.625
1776553203,php-fpm,4115.12890625
1776553233,php-fpm,4126.09375
1776553263,php-fpm,2918.55859375
1776553293,php-fpm,1239.015625
1776549873,qemu-ga,3.875
1776549903,qemu-ga,3.875
1776549933,qemu-ga,3.875
1776549963,qemu-ga,3.875
1776549993,qemu-ga,3.875
1776550023,qemu-ga,3.875
1776550053,qemu-ga,3.875
1776550083,qemu-ga,3.875
1776550113,qemu-ga,3.875
1776550143,qemu-ga,3.875
1776550173,qemu-ga,3.875
1776550203,qemu-ga,3.875
1776550233,qemu-ga,3.875
1776550263,qemu-ga,3.875
1776550293,qemu-ga,3.875
1776550323,qemu-ga,3.875
1776550353,qemu-ga,3.875
1776550383,qemu-ga,3.875
1776550413,qemu-ga,3.875
1776550443,qemu-ga,3.875
1776550473,qemu-ga,3.875
1776550503,qemu-ga,3.875
1776550533,qemu-ga,3.875
1776550563,qemu-ga,3.875
1776550593,qemu-ga,3.875
1776550623,qemu-ga,3.875
1776550653,qemu-ga,3.875
1776550683,qemu-ga,3.875
1776550713,qemu-ga,3.875
1776550743,qemu-ga,3.875
1776550773,qemu-ga,3.875
1776550803,qemu-ga,3.875
1776550833,qemu-ga,3.875
1776550863,qemu-ga,3.875
1776550893,qemu-ga,3.875
1776550923,qemu-ga,3.875
1776550953,qemu-ga,3.875
1776550983,qemu-ga,3.875
1776551013,qemu-ga,3.875
1776551043,qemu-ga,3.875
1776551073,qemu-ga,3.875
1776551103,qemu-ga,3.875
1776551133,qemu-ga,3.875
1776551163,qemu-ga,3.875
1776551193,qemu-ga,3.875
1776551223,qemu-ga,3.875
1776551253,qemu-ga,3.875
1776551283,qemu-ga,3.875
1776551313,qemu-ga,3.875
1776551343,qemu-ga,3.875
1776551373,qemu-ga,3.875
1776551403,qemu-ga,3.875
1776551433,qemu-ga,3.875
1776551463,qemu-ga,3.875
1776551493,qemu-ga,3.875
1776551523,qemu-ga,3.875
1776551553,qemu-ga,3.875
1776551583,qemu-ga,3.875
1776551613,qemu-ga,3.875
1776551643,qemu-ga,3.875
1776551673,qemu-ga,3.875
1776551703,qemu-ga,3.875
1776551733,qemu-ga,3.875
1776551763,qemu-ga,3.875
1776551793,qemu-ga,3.875
1776551823,qemu-ga,3.875
1776551853,qemu-ga,3.875
1776551883,qemu-ga,3.875
1776551913,qemu-ga,3.875
1776551943,qemu-ga,3.875
1776551973,qemu-ga,3.875
1776552003,qemu-ga,3.875
1776552033,qemu-ga,3.875
1776552063,qemu-ga,3.875
1776552093,qemu-ga,3.875
1776552123,qemu-ga,3.875
1776552153,qemu-ga,3.875
1776552183,qemu-ga,3.875
1776552213,qemu-ga,3.875
1776552243,qemu-ga,3.875
1776552273,qemu-ga,3.875
1776552303,qemu-ga,3.875
1776552333,qemu-ga,3.875
1776552363,qemu-ga,3.875
1776552393,qemu-ga,3.875
1776552423,qemu-ga,3.875
1776552453,qemu-ga,3.875
1776552483,qemu-ga,3.875
1776552513,qemu-ga,3.875
1776552543,qemu-ga,3.875
1776552573,qemu-ga,3.875
1776552603,qemu-ga,3.875
1776552633,qemu-ga,3.875
1776552663,qemu-ga,3.875
1776552693,qemu-ga,3.875
1776552723,qemu-ga,3.875
1776552753,qemu-ga,3.875
1776552783,qemu-ga,3.875
1776552813,qemu-ga,3.875
1776552843,qemu-ga,3.875
1776552873,qemu-ga,3.875
1776552903,qemu-ga,3.875
1776552933,qemu-ga,3.875
1776552963,qemu-ga,3.875
1776552993,qemu-ga,3.875
1776553023,qemu-ga,3.875
1776553053,qemu-ga,3.875
1776553083,qemu-ga,3.875
1776553113,qemu-ga,3.875
1776553143,qemu-ga,3.875
1776553173,qemu-ga,3.875
1776553203,qemu-ga,3.875
1776553233,qemu-ga,3.875
1776553263,qemu-ga,3.875
1776553293,qemu-ga,3.875
1776549873,sshd,7.875
1776549903,sshd,7.875
1776549933,sshd,7.875
1776549963,sshd,7.875
1776549993,sshd,7.875
1776550023,sshd,7.875
1776550053,sshd,7.875
1776550083,sshd,7.875
1776550113,sshd,7.875
1776550143,sshd,7.875
1776550173,sshd,7.875
1776550203,sshd,7.875
1776550233,sshd,7.875
1776550263,sshd,7.875
1776550293,sshd,7.875
1776550323,sshd,7.875
1776550353,sshd,7.875
1776550383,sshd,7.875
1776550413,sshd,7.875
1776550443,sshd,7.875
1776550473,sshd,7.875
1776550503,sshd,7.875
1776550533,sshd,7.875
1776550563,sshd,7.875
1776550593,sshd,7.875
1776550623,sshd,7.875
1776550653,sshd,7.875
1776550683,sshd,7.875
1776550713,sshd,7.875
1776550743,sshd,7.875
1776550773,sshd,7.875
1776550803,sshd,7.875
1776550833,sshd,7.875
1776550863,sshd,7.875
1776550893,sshd,7.875
1776550923,sshd,7.875
1776550953,sshd,7.875
1776550983,sshd,7.875
1776551013,sshd,7.875
1776551043,sshd,7.875
1776551073,sshd,7.875
1776551103,sshd,7.875
1776551133,sshd,7.875
1776551163,sshd,7.875
1776551193,sshd,7.875
1776551223,sshd,7.875
1776551253,sshd,7.875
1776551283,sshd,7.875
1776551313,sshd,7.875
1776551343,sshd,7.875
1776551373,sshd,7.875
1776551403,sshd,7.875
1776551433,sshd,7.875
1776551463,sshd,7.875
1776551493,sshd,7.875
1776551523,sshd,7.875
1776551553,sshd,7.875
1776551583,sshd,7.875
1776551613,sshd,7.875
1776551643,sshd,7.875
1776551673,sshd,7.875
1776551703,sshd,7.875
1776551733,sshd,7.875
1776551763,sshd,7.875
1776551793,sshd,7.875
1776551823,sshd,7.875
1776551853,sshd,7.875
1776551883,sshd,7.875
1776551913,sshd,7.875
1776551943,sshd,7.875
1776551973,sshd,7.875
1776552003,sshd,7.875
1776552033,sshd,7.875
1776552063,sshd,7.875
1776552093,sshd,7.875
1776552123,sshd,7.875
1776552153,sshd,7.875
1776552183,sshd,7.875
1776552213,sshd,7.875
1776552243,sshd,7.875
1776552273,sshd,7.875
1776552303,sshd,7.875
1776552333,sshd,7.875
1776552363,sshd,7.875
1776552393,sshd,7.875
1776552423,sshd,7.875
1776552453,sshd,7.875
1776552483,sshd,7.875
1776552513,sshd,7.875
1776552543,sshd,7.875
1776552573,sshd,7.875
1776552603,sshd,7.875
1776552633,sshd,7.875
1776552663,sshd,7.875
1776552693,sshd,7.875
1776552723,sshd,7.875
1776552753,sshd,7.875
1776552783,sshd,7.875
1776552813,sshd,7.875
1776552843,sshd,7.875
1776552873,sshd,7.875
1776552903,sshd,7.875
1776552933,sshd,7.875
1776552963,sshd,7.875
1776552993,sshd,7.875
1776553023,sshd,7.875
1776553053,sshd,7.875
1776553083,sshd,7.875
1776553113,sshd,7.875
1776553143,sshd,7.875
1776553173,sshd,7.875
1776553203,sshd,7.875
1776553233,sshd,7.875
1776553263,sshd,7.875
1776553293,sshd,7.875
1776549873,systemd,23.59765625
1776549903,systemd,12.84765625
1776549933,systemd,12.84765625
1776549963,systemd,12.84765625
1776549993,systemd,12.84765625
1776550023,systemd,12.84765625
1776550053,systemd,12.84765625
1776550083,systemd,12.84765625
1776550113,systemd,12.84765625
1776550143,systemd,12.84765625
1776550173,systemd,12.84765625
1776550203,systemd,12.84765625
1776550233,systemd,12.84765625
1776550263,systemd,12.84765625
1776550293,systemd,12.84765625
1776550323,systemd,12.84765625
1776550353,systemd,12.84765625
1776550383,systemd,23.97265625
1776550413,systemd,12.84765625
1776550443,systemd,12.84765625
1776550473,systemd,12.84765625
1776550503,systemd,12.84765625
1776550533,systemd,12.84765625
1776550563,systemd,12.84765625
1776550593,systemd,12.84765625
1776550623,systemd,12.84765625
1776550653,systemd,12.84765625
1776550683,systemd,12.84765625
1776550713,systemd,12.84765625
1776550743,systemd,12.84765625
1776550773,systemd,12.84765625
1776550803,systemd,12.84765625
1776550833,systemd,12.84765625
1776550863,systemd,12.84765625
1776550893,systemd,12.84765625
1776550923,systemd,12.84765625
1776550953,systemd,12.84765625
1776550983,systemd,12.84765625
1776551013,systemd,12.84765625
1776551043,systemd,12.84765625
1776551073,systemd,12.84765625
1776551103,systemd,12.84765625
1776551133,systemd,12.84765625
1776551163,systemd,12.84765625
1776551193,systemd,12.84765625
1776551223,systemd,12.84765625
1776551253,systemd,12.84765625
1776551283,systemd,12.84765625
1776551313,systemd,12.84765625
1776551343,systemd,12.84765625
1776551373,systemd,12.84765625
1776551403,systemd,12.84765625
1776551433,systemd,12.84765625
1776551463,systemd,12.84765625
1776551493,systemd,12.84765625
1776551523,systemd,12.84765625
1776551553,systemd,12.84765625
1776551583,systemd,12.84765625
1776551613,systemd,12.84765625
1776551643,systemd,12.84765625
1776551673,systemd,12.84765625
1776551703,systemd,12.84765625
1776551733,systemd,12.84765625
1776551763,systemd,12.84765625
1776551793,systemd,23.97265625
1776551823,systemd,12.84765625
1776551853,systemd,12.84765625
1776551883,systemd,12.84765625
1776551913,systemd,12.84765625
1776551943,systemd,12.84765625
1776551973,systemd,12.84765625
1776552003,systemd,12.84765625
1776552033,systemd,12.84765625
1776552063,systemd,12.84765625
1776552093,systemd,12.84765625
1776552123,systemd,12.84765625
1776552153,systemd,12.84765625
1776552183,systemd,12.84765625
1776552213,systemd,12.84765625
1776552243,systemd,12.84765625
1776552273,systemd,12.84765625
1776552303,systemd,12.84765625
1776552333,systemd,12.84765625
1776552363,systemd,12.84765625
1776552393,systemd,12.84765625
1776552423,systemd,12.84765625
1776552453,systemd,12.84765625
1776552483,systemd,12.84765625
1776552513,systemd,12.84765625
1776552543,systemd,12.84765625
1776552573,systemd,12.84765625
1776552603,systemd,12.84765625
1776552633,systemd,12.84765625
1776552663,systemd,12.84765625
1776552693,systemd,12.84765625
1776552723,systemd,12.84765625
1776552753,systemd,12.84765625
1776552783,systemd,12.84765625
1776552813,systemd,12.84765625
1776552843,systemd,12.84765625
1776552873,systemd,12.84765625
1776552903,systemd,12.84765625
1776552933,systemd,12.84765625
1776552963,systemd,12.84765625
1776552993,systemd,12.84765625
1776553023,systemd,12.84765625
1776553053,systemd,12.84765625
1776553083,systemd,23.97265625
1776553113,systemd,12.84765625
1776553143,systemd,12.84765625
1776553173,systemd,12.84765625
1776553203,systemd,12.84765625
1776553233,systemd,12.84765625
1776553263,systemd,12.84765625
1776553293,systemd,12.84765625
