1776575002,chronyd,0
1776575032,chronyd,0
1776575062,chronyd,0
1776575092,chronyd,0
1776575122,chronyd,0
1776575152,chronyd,0
1776575182,chronyd,0
1776575212,chronyd,0
1776575242,chronyd,0
1776575272,chronyd,0
1776575302,chronyd,0
1776575332,chronyd,0
1776575362,chronyd,0
1776575392,chronyd,0
1776575422,chronyd,0
1776575452,chronyd,0
1776575482,chronyd,0
1776575512,chronyd,0
1776575542,chronyd,0
1776575572,chronyd,0.017070303030303033
1776575602,chronyd,0.017070303030303033
1776575632,chronyd,0
1776575662,chronyd,0
1776575692,chronyd,0
1776575722,chronyd,0
1776575752,chronyd,0
1776575782,chronyd,0
1776575812,chronyd,0
1776575842,chronyd,0
1776575872,chronyd,0
1776575902,chronyd,0
1776575932,chronyd,0
1776575962,chronyd,0
1776575992,chronyd,0
1776576022,chronyd,0
1776576052,chronyd,0
1776576082,chronyd,0
1776576112,chronyd,0
1776576142,chronyd,0
1776576172,chronyd,0
1776576202,chronyd,0
1776576232,chronyd,0
1776576262,chronyd,0
1776576292,chronyd,0
1776576322,chronyd,0
1776576352,chronyd,0
1776576382,chronyd,0
1776576412,chronyd,0
1776576442,chronyd,0
1776576472,chronyd,0
1776576502,chronyd,0
1776576532,chronyd,0
1776576562,chronyd,0
1776576592,chronyd,0
1776576622,chronyd,0
1776576652,chronyd,0
1776576682,chronyd,0
1776576712,chronyd,0
1776576742,chronyd,0
1776576772,chronyd,0
1776576802,chronyd,0
1776576832,chronyd,0
1776576862,chronyd,0
1776576892,chronyd,0
1776576922,chronyd,0
1776576952,chronyd,0
1776576982,chronyd,0
1776577012,chronyd,0
1776577042,chronyd,0
1776577072,chronyd,0
1776577102,chronyd,0
1776577132,chronyd,0
1776577162,chronyd,0
1776577192,chronyd,0
1776577222,chronyd,0
1776577252,chronyd,0
1776577282,chronyd,0
1776577312,chronyd,0
1776577342,chronyd,0
1776577372,chronyd,0
1776577402,chronyd,0
1776577432,chronyd,0
1776577462,chronyd,0
1776577492,chronyd,0
1776577522,chronyd,0
1776577552,chronyd,0
1776577582,chronyd,0
1776577612,chronyd,0
1776577642,chronyd,0.01818181818181818
1776577672,chronyd,0.01818181818181818
1776577702,chronyd,0
1776577732,chronyd,0
1776577762,chronyd,0
1776577792,chronyd,0
1776577822,chronyd,0
1776577852,chronyd,0
1776577882,chronyd,0
1776577912,chronyd,0
1776577942,chronyd,0
1776577972,chronyd,0
1776578002,chronyd,0
1776578032,chronyd,0
1776578062,chronyd,0
1776578092,chronyd,0
1776578122,chronyd,0
1776578152,chronyd,0
1776578182,chronyd,0
1776578212,chronyd,0
1776578242,chronyd,0
1776578272,chronyd,0
1776578302,chronyd,0
1776578332,chronyd,0
1776578362,chronyd,0
1776578392,chronyd,0
1776578422,chronyd,0
1776575002,chronyd,0
1776575032,chronyd,0
1776575062,chronyd,0
1776575092,chronyd,0
1776575122,chronyd,0
1776575152,chronyd,0
1776575182,chronyd,0
1776575212,chronyd,0
1776575242,chronyd,0
1776575272,chronyd,0
1776575302,chronyd,0
1776575332,chronyd,0
1776575362,chronyd,0
1776575392,chronyd,0
1776575422,chronyd,0
1776575452,chronyd,0
1776575482,chronyd,0
1776575512,chronyd,0
1776575542,chronyd,0
1776575572,chronyd,0
1776575602,chronyd,0
1776575632,chronyd,0
1776575662,chronyd,0
1776575692,chronyd,0
1776575722,chronyd,0
1776575752,chronyd,0
1776575782,chronyd,0
1776575812,chronyd,0
1776575842,chronyd,0
1776575872,chronyd,0
1776575902,chronyd,0
1776575932,chronyd,0
1776575962,chronyd,0
1776575992,chronyd,0
1776576022,chronyd,0
1776576052,chronyd,0
1776576082,chronyd,0
1776576112,chronyd,0
1776576142,chronyd,0
1776576172,chronyd,0
1776576202,chronyd,0
1776576232,chronyd,0
1776576262,chronyd,0
1776576292,chronyd,0
1776576322,chronyd,0
1776576352,chronyd,0
1776576382,chronyd,0
1776576412,chronyd,0
1776576442,chronyd,0
1776576472,chronyd,0
1776576502,chronyd,0
1776576532,chronyd,0
1776576562,chronyd,0
1776576592,chronyd,0
1776576622,chronyd,0
1776576652,chronyd,0
1776576682,chronyd,0
1776576712,chronyd,0
1776576742,chronyd,0
1776576772,chronyd,0
1776576802,chronyd,0
1776576832,chronyd,0
1776576862,chronyd,0
1776576892,chronyd,0
1776576922,chronyd,0
1776576952,chronyd,0
1776576982,chronyd,0
1776577012,chronyd,0
1776577042,chronyd,0
1776577072,chronyd,0
1776577102,chronyd,0
1776577132,chronyd,0
1776577162,chronyd,0
1776577192,chronyd,0.017070303030303033
1776577222,chronyd,0.017070303030303033
1776577252,chronyd,0
1776577282,chronyd,0
1776577312,chronyd,0
1776577342,chronyd,0
1776577372,chronyd,0
1776577402,chronyd,0
1776577432,chronyd,0
1776577462,chronyd,0
1776577492,chronyd,0
1776577522,chronyd,0
1776577552,chronyd,0
1776577582,chronyd,0
1776577612,chronyd,0
1776577642,chronyd,0
1776577672,chronyd,0
1776577702,chronyd,0
1776577732,chronyd,0
1776577762,chronyd,0
1776577792,chronyd,0
1776577822,chronyd,0
1776577852,chronyd,0
1776577882,chronyd,0
1776577912,chronyd,0
1776577942,chronyd,0
1776577972,chronyd,0
1776578002,chronyd,0
1776578032,chronyd,0
1776578062,chronyd,0
1776578092,chronyd,0
1776578122,chronyd,0
1776578152,chronyd,0
1776578182,chronyd,0
1776578212,chronyd,0
1776578242,chronyd,0
1776578272,chronyd,0
1776578302,chronyd,0
1776578332,chronyd,0
1776578362,chronyd,0
1776578392,chronyd,0
1776578422,chronyd,0
1776575002,mysqld,0.5968586666666666
1776575032,mysqld,0.7852339393939395
1776575062,mysqld,0.8
1776575092,mysqld,0.8000000000000002
1776575122,mysqld,0.23636363636363655
1776575152,mysqld,0.5272727272727273
1776575182,mysqld,0.8363636363636366
1776575212,mysqld,0.9818181818181818
1776575242,mysqld,1.654545454545455
1776575272,mysqld,1.9636363636363638
1776575302,mysqld,2.0181818181818167
1776575332,mysqld,1.9818181818181821
1776575362,mysqld,2.0727272727272714
1776575392,mysqld,2.0727272727272688
1776575422,mysqld,1.872727272727273
1776575452,mysqld,0.8909090909090913
1776575482,mysqld,0.18181818181818277
1776575512,mysqld,0.6909090909090907
1776575542,mysqld,1.3090909090909102
1776575572,mysqld,2.30909090909091
1776575602,mysqld,3.945454545454546
1776575632,mysqld,5.545454545454545
1776575662,mysqld,6.781818181818182
1776575692,mysqld,8.109090909090916
1776575722,mysqld,9.127272727272732
1776575752,mysqld,9.890909090909087
1776575782,mysqld,10.83636363636363
1776575812,mysqld,11.454545454545455
1776575842,mysqld,11.927272727272731
1776575872,mysqld,12.654545454545463
1776575902,mysqld,13.50909090909092
1776575932,mysqld,13.945454545454561
1776575962,mysqld,14.527272727272717
1776575992,mysqld,15.490909090909083
1776576022,mysqld,15.43636363636364
1776576052,mysqld,15.581818181818182
1776576082,mysqld,15.818181818181785
1776576112,mysqld,15.963636363636338
1776576142,mysqld,13.927272727272747
1776576172,mysqld,7.618181818181815
1776576202,mysqld,1.709090909090905
1776576232,mysqld,0.10909090909091322
1776576262,mysqld,0.9818181818181673
1776576292,mysqld,3.163636363636354
1776576322,mysqld,7.127272727272755
1776576352,mysqld,10.12727272727274
1776576382,mysqld,12.145454545454532
1776576412,mysqld,13.727272727272721
1776576442,mysqld,15.381818181818144
1776576472,mysqld,16.50909090909088
1776576502,mysqld,16.94545454545456
1776576532,mysqld,17.200000000000014
1776576562,mysqld,17.054545454545444
1776576592,mysqld,17.127272727272675
1776576622,mysqld,17.05454545454542
1776576652,mysqld,16.818181818181817
1776576682,mysqld,16.981818181818138
1776576712,mysqld,16.709090909090904
1776576742,mysqld,17.34545454545458
1776576772,mysqld,17.29090909090902
1776576802,mysqld,16.87272727272722
1776576832,mysqld,16.218181818181847
1776576862,mysqld,10.599999999999971
1776576892,mysqld,2.127272727272653
1776576922,mysqld,0.618181818181721
1776576952,mysqld,5.127272727272611
1776576982,mysqld,13.636363636363635
1776577012,mysqld,17.000000000000092
1776577042,mysqld,16.83636363636372
1776577072,mysqld,17.16363636363641
1776577102,mysqld,16.90909090909098
1776577132,mysqld,16.781818181818267
1776577162,mysqld,16.854545454545526
1776577192,mysqld,17.272727272727323
1776577222,mysqld,17.054545454545497
1776577252,mysqld,16.81818181818192
1776577282,mysqld,16.709090909091007
1776577312,mysqld,16.963636363636386
1776577342,mysqld,16.85454545454542
1776577372,mysqld,16.618181818181792
1776577402,mysqld,16.709090909090904
1776577432,mysqld,16.72727272727281
1776577462,mysqld,16.072727272727384
1776577492,mysqld,7.181818181818161
1776577522,mysqld,0.12727272727261152
1776577552,mysqld,1.4545454545453718
1776577582,mysqld,9.01818181818178
1776577612,mysqld,16.163636363636442
1776577642,mysqld,16.945454545454634
1776577672,mysqld,17.272727272727376
1776577702,mysqld,17.163636363636357
1776577732,mysqld,17.036363636363642
1776577762,mysqld,17.199999999999964
1776577792,mysqld,17.527272727272596
1776577822,mysqld,17.090909090909047
1776577852,mysqld,17.16363636363646
1776577882,mysqld,17.218181818181865
1776577912,mysqld,17.272727272727167
1776577942,mysqld,17.05454545454534
1776577972,mysqld,17.181818181818056
1776578002,mysqld,17.036363636363642
1776578032,mysqld,17.58181818181821
1776578062,mysqld,16.890909090909023
1776578092,mysqld,17.109090909090956
1776578122,mysqld,17.25454545454557
1776578152,mysqld,12.490909090908996
1776578182,mysqld,3.5272727272725164
1776578212,mysqld,0.6545454545453759
1776578242,mysqld,7.58181818181821
1776578272,mysqld,16.072727272727228
1776578302,mysqld,16.709090909090904
1776578332,mysqld,16.6727272727273
1776578362,mysqld,16.85454545454542
1776578392,mysqld,12.472727272727296
1776578422,mysqld,3.3272727272726983
1776575002,mysqld,0.6670773333333334
1776575032,mysqld,1.1949212121212125
1776575062,mysqld,1.4363636363636367
1776575092,mysqld,1.345454545454546
1776575122,mysqld,0.45454545454545453
1776575152,mysqld,0.6363636363636365
1776575182,mysqld,1.3636363636363635
1776575212,mysqld,3.1090909090909085
1776575242,mysqld,6.000000000000001
1776575272,mysqld,7.21818181818182
1776575302,mysqld,7.654545454545454
1776575332,mysqld,7.581818181818184
1776575362,mysqld,7.636363636363634
1776575392,mysqld,7.909090909090908
1776575422,mysqld,7.199999999999998
1776575452,mysqld,3.418181818181816
1776575482,mysqld,0.41818181818181893
1776575512,mysqld,0.8727272727272799
1776575542,mysqld,3.58181818181818
1776575572,mysqld,9.127272727272713
1776575602,mysqld,15.01818181818182
1776575632,mysqld,21.145454545454562
1776575662,mysqld,28.090909090909093
1776575692,mysqld,35.254545454545465
1776575722,mysqld,42.018181818181816
1776575752,mysqld,48.07272727272728
1776575782,mysqld,53.70909090909092
1776575812,mysqld,59.32727272727274
1776575842,mysqld,64.30909090909091
1776575872,mysqld,69.5818181818182
1776575902,mysqld,75.16363636363637
1776575932,mysqld,80.0181818181818
1776575962,mysqld,85.29090909090908
1776575992,mysqld,87.94545454545455
1776576022,mysqld,88.8909090909091
1776576052,mysqld,89.50909090909094
1776576082,mysqld,90.16363636363641
1776576112,mysqld,91.56363636363628
1776576142,mysqld,78.12727272727278
1776576172,mysqld,37.89090909090904
1776576202,mysqld,6.490909090909078
1776576232,mysqld,0.2363636363636281
1776576262,mysqld,2.2909090909090746
1776576292,mysqld,12.78181818181813
1776576322,mysqld,32.32727272727268
1776576352,mysqld,49.58181818181814
1776576382,mysqld,63.272727272727295
1776576412,mysqld,76.78181818181821
1776576442,mysqld,88.18181818181807
1776576472,mysqld,91.87272727272722
1776576502,mysqld,91.47272727272737
1776576532,mysqld,91.49090909090938
1776576562,mysqld,91.38181818181836
1776576592,mysqld,91.45454545454537
1776576622,mysqld,92.10909090909064
1776576652,mysqld,91.32727272727254
1776576682,mysqld,94.32727272727293
1776576712,mysqld,92.34545454545488
1776576742,mysqld,93.47272727272762
1776576772,mysqld,92.5999999999997
1776576802,mysqld,91.39999999999996
1776576832,mysqld,88.3090909090908
1776576862,mysqld,57.527272727272496
1776576892,mysqld,10.436363636363238
1776576922,mysqld,0.8363636363634958
1776576952,mysqld,23.109090909090767
1776576982,mysqld,71.6545454545454
1776577012,mysqld,92.40000000000008
1776577042,mysqld,92.67272727272731
1776577072,mysqld,93.49090909090901
1776577102,mysqld,93.381818181818
1776577132,mysqld,92.29090909090866
1776577162,mysqld,90.52727272727225
1776577192,mysqld,91.47272727272758
1776577222,mysqld,92.05454545454523
1776577252,mysqld,90.79999999999968
1776577282,mysqld,90.0727272727268
1776577312,mysqld,91.76363636363641
1776577342,mysqld,93.05454545454516
1776577372,mysqld,91.38181818181816
1776577402,mysqld,89.8000000000006
1776577432,mysqld,90.38181818181825
1776577462,mysqld,86.99999999999942
1776577492,mysqld,39.19999999999907
1776577522,mysqld,0.21818181818161975
1776577552,mysqld,4.12727272727228
1776577582,mysqld,44.67272727272715
1776577612,mysqld,87.10909090909064
1776577642,mysqld,92.32727272727226
1776577672,mysqld,92.05454545454565
1776577702,mysqld,91.87272727272722
1776577732,mysqld,92.50909090909111
1776577762,mysqld,93.23636363636358
1776577792,mysqld,92.89090909090852
1776577822,mysqld,91.30909090908972
1776577852,mysqld,91.58181818181716
1776577882,mysqld,91.49090909090897
1776577912,mysqld,91.45454545454578
1776577942,mysqld,92.18181818181826
1776577972,mysqld,92.27272727272727
1776578002,mysqld,91.05454545454532
1776578032,mysqld,92.81818181818132
1776578062,mysqld,90.8727272727273
1776578092,mysqld,91.94545454545484
1776578122,mysqld,91.03636363636434
1776578152,mysqld,67.3818181818185
1776578182,mysqld,19.054545454545487
1776578212,mysqld,0.8727272727273058
1776578242,mysqld,39.05454545454466
1776578272,mysqld,88.18181818181735
1776578302,mysqld,90.9272727272723
1776578332,mysqld,91.01818181818089
1776578362,mysqld,90.85454545454468
1776578392,mysqld,68.19999999999958
1776578422,mysqld,18.909090909090658
1776575002,nginx,0
1776575032,nginx,0
1776575062,nginx,0
1776575092,nginx,0
1776575122,nginx,0
1776575152,nginx,0
1776575182,nginx,0
1776575212,nginx,0
1776575242,nginx,0.017070303030303033
1776575272,nginx,0.06828121212121213
1776575302,nginx,0.1090909090909091
1776575332,nginx,0.0909090909090909
1776575362,nginx,0.054545454545454515
1776575392,nginx,0.054545454545454536
1776575422,nginx,0.07272727272727271
1776575452,nginx,0.03636363636363635
1776575482,nginx,0
1776575512,nginx,0
1776575542,nginx,0
1776575572,nginx,0.05454545454545459
1776575602,nginx,0.10909090909090914
1776575632,nginx,0.16363636363636372
1776575662,nginx,0.21818181818181837
1776575692,nginx,0.25454545454545463
1776575722,nginx,0.272727272727273
1776575752,nginx,0.3636363636363639
1776575782,nginx,0.40000000000000036
1776575812,nginx,0.43636363636363673
1776575842,nginx,0.49090909090909135
1776575872,nginx,0.49090909090909135
1776575902,nginx,0.5090909090909096
1776575932,nginx,0.5272727272727277
1776575962,nginx,0.5818181818181823
1776575992,nginx,0.5818181818181819
1776576022,nginx,0.5818181818181823
1776576052,nginx,0.6000000000000001
1776576082,nginx,0.5999999999999993
1776576112,nginx,0.6000000000000001
1776576142,nginx,0.5272727272727264
1776576172,nginx,0.30909090909090814
1776576202,nginx,0.09090909090909058
1776576232,nginx,0
1776576262,nginx,0
1776576292,nginx,0.10909090909090838
1776576322,nginx,0.23636363636363533
1776576352,nginx,0.3999999999999987
1776576382,nginx,0.47272727272727066
1776576412,nginx,0.5454545454545443
1776576442,nginx,0.5636363636363628
1776576472,nginx,0.6181818181818172
1776576502,nginx,0.5818181818181807
1776576532,nginx,0.5818181818181816
1776576562,nginx,0.6000000000000009
1776576592,nginx,0.5818181818181823
1776576622,nginx,0.5454545454545451
1776576652,nginx,0.5818181818181823
1776576682,nginx,0.5454545454545451
1776576712,nginx,0.5818181818181807
1776576742,nginx,0.5999999999999984
1776576772,nginx,0.5818181818181823
1776576802,nginx,0.6181818181818195
1776576832,nginx,0.6545454545454567
1776576862,nginx,0.4545454545454562
1776576892,nginx,0.1272727272727278
1776576922,nginx,0
1776576952,nginx,0.1454545454545456
1776576982,nginx,0.4545454545454562
1776577012,nginx,0.5818181818181839
1776577042,nginx,0.6000000000000001
1776577072,nginx,0.5636363636363645
1776577102,nginx,0.618181818181821
1776577132,nginx,0.6000000000000033
1776577162,nginx,0.6181818181818195
1776577192,nginx,0.6000000000000018
1776577222,nginx,0.5454545454545484
1776577252,nginx,0.5636363636363662
1776577282,nginx,0.5818181818181839
1776577312,nginx,0.5454545454545419
1776577342,nginx,0.5636363636363548
1776577372,nginx,0.5636363636363548
1776577402,nginx,0.6363636363636325
1776577432,nginx,0.5818181818181759
1776577462,nginx,0.5090909090909014
1776577492,nginx,0.2181818181818135
1776577522,nginx,0
1776577552,nginx,0.018181818181817792
1776577582,nginx,0.2727272727272669
1776577612,nginx,0.5818181818181694
1776577642,nginx,0.5999999999999904
1776577672,nginx,0.5999999999999936
1776577702,nginx,0.6181818181818115
1776577732,nginx,0.5818181818181726
1776577762,nginx,0.5999999999999872
1776577792,nginx,0.5636363636363516
1776577822,nginx,0.5818181818181694
1776577852,nginx,0.5636363636363548
1776577882,nginx,0.636363636363626
1776577912,nginx,0.6363636363636228
1776577942,nginx,0.5818181818181726
1776577972,nginx,0.5636363636363613
1776578002,nginx,0.5999999999999969
1776578032,nginx,0.6181818181818115
1776578062,nginx,0.6545454545454534
1776578092,nginx,0.5818181818181791
1776578122,nginx,0.5454545454545338
1776578152,nginx,0.49090909090908363
1776578182,nginx,0.19999999999999896
1776578212,nginx,0
1776578242,nginx,0.23636363636363455
1776578272,nginx,0.5272727272727192
1776578302,nginx,0.5454545454545338
1776578332,nginx,0.527272727272716
1776578362,nginx,0.5818181818181694
1776578392,nginx,0.3818181818181737
1776578422,nginx,0.10909090909090675
1776575002,nginx,0
1776575032,nginx,0
1776575062,nginx,0
1776575092,nginx,0
1776575122,nginx,0
1776575152,nginx,0
1776575182,nginx,0
1776575212,nginx,0
1776575242,nginx,0.034140606060606066
1776575272,nginx,0.05454545454545453
1776575302,nginx,0.054545454545454536
1776575332,nginx,0.09090909090909091
1776575362,nginx,0.09090909090909091
1776575392,nginx,0.07272727272727274
1776575422,nginx,0.09090909090909091
1776575452,nginx,0.054545454545454536
1776575482,nginx,0
1776575512,nginx,0
1776575542,nginx,0
1776575572,nginx,0.05454545454545459
1776575602,nginx,0.12727272727272732
1776575632,nginx,0.20000000000000012
1776575662,nginx,0.25454545454545463
1776575692,nginx,0.32727272727272744
1776575722,nginx,0.3636363636363639
1776575752,nginx,0.34545454545454574
1776575782,nginx,0.40000000000000036
1776575812,nginx,0.4000000000000001
1776575842,nginx,0.45454545454545453
1776575872,nginx,0.4909090909090912
1776575902,nginx,0.563636363636364
1776575932,nginx,0.5818181818181823
1776575962,nginx,0.6000000000000001
1776575992,nginx,0.6363636363636365
1776576022,nginx,0.6363636363636369
1776576052,nginx,0.6181818181818179
1776576082,nginx,0.6545454545454534
1776576112,nginx,0.672727272727273
1776576142,nginx,0.5636363636363645
1776576172,nginx,0.25454545454545396
1776576202,nginx,0.054545454545454994
1776576232,nginx,0
1776576262,nginx,0
1776576292,nginx,0.05454545454545338
1776576322,nginx,0.25454545454545235
1776576352,nginx,0.34545454545454296
1776576382,nginx,0.3999999999999987
1776576412,nginx,0.5454545454545443
1776576442,nginx,0.6181818181818163
1776576472,nginx,0.6727272727272713
1776576502,nginx,0.5818181818181816
1776576532,nginx,0.6363636363636365
1776576562,nginx,0.6545454545454551
1776576592,nginx,0.6545454545454567
1776576622,nginx,0.6363636363636374
1776576652,nginx,0.6545454545454551
1776576682,nginx,0.6181818181818179
1776576712,nginx,0.6545454545454534
1776576742,nginx,0.6545454545454534
1776576772,nginx,0.6181818181818179
1776576802,nginx,0.6727272727272713
1776576832,nginx,0.7090909090909069
1776576862,nginx,0.5090909090909111
1776576892,nginx,0.0909090909090922
1776576922,nginx,0
1776576952,nginx,0.10909090909090675
1776576982,nginx,0.4363636363636335
1776577012,nginx,0.6000000000000001
1776577042,nginx,0.6545454545454551
1776577072,nginx,0.6545454545454551
1776577102,nginx,0.636363636363634
1776577132,nginx,0.6727272727272713
1776577162,nginx,0.6363636363636374
1776577192,nginx,0.6181818181818179
1776577222,nginx,0.636363636363634
1776577252,nginx,0.6909090909090875
1776577282,nginx,0.7090909090909037
1776577312,nginx,0.6545454545454438
1776577342,nginx,0.6545454545454438
1776577372,nginx,0.6727272727272647
1776577402,nginx,0.7090909090908971
1776577432,nginx,0.6545454545454503
1776577462,nginx,0.7454545454545457
1776577492,nginx,0.3272727272727235
1776577522,nginx,0
1776577552,nginx,0
1776577582,nginx,0.2545454545454491
1776577612,nginx,0.5818181818181694
1776577642,nginx,0.5999999999999872
1776577672,nginx,0.6181818181818082
1776577702,nginx,0.636363636363626
1776577732,nginx,0.6545454545454406
1776577762,nginx,0.6545454545454406
1776577792,nginx,0.6727272727272615
1776577822,nginx,0.7090909090909003
1776577852,nginx,0.654545454545447
1776577882,nginx,0.6181818181818115
1776577912,nginx,0.6181818181818115
1776577942,nginx,0.636363636363626
1776577972,nginx,0.6363636363636291
1776578002,nginx,0.6727272727272713
1776578032,nginx,0.6181818181818115
1776578062,nginx,0.6363636363636291
1776578092,nginx,0.6727272727272681
1776578122,nginx,0.636363636363626
1776578152,nginx,0.5818181818181759
1776578182,nginx,0.19999999999999896
1776578212,nginx,0
1776578242,nginx,0.18181818181817794
1776578272,nginx,0.4909090909090804
1776578302,nginx,0.5999999999999872
1776578332,nginx,0.5818181818181694
1776578362,nginx,0.527272727272716
1776578392,nginx,0.4545454545454448
1776578422,nginx,0.14545454545454234
1776575002,node_exporter,0.057664
1776575032,node_exporter,0.1272727272727273
1776575062,node_exporter,0.10909090909090907
1776575092,node_exporter,0.09090909090909093
1776575122,node_exporter,0.10909090909090907
1776575152,node_exporter,0.1272727272727273
1776575182,node_exporter,0.14545454545454548
1776575212,node_exporter,0.14545454545454542
1776575242,node_exporter,0.1454545454545454
1776575272,node_exporter,0.16363636363636366
1776575302,node_exporter,0.14545454545454548
1776575332,node_exporter,0.14545454545454548
1776575362,node_exporter,0.14545454545454548
1776575392,node_exporter,0.1454545454545454
1776575422,node_exporter,0.1454545454545454
1776575452,node_exporter,0.1272727272727274
1776575482,node_exporter,0.1454545454545454
1776575512,node_exporter,0.12727272727272718
1776575542,node_exporter,0.16363636363636377
1776575572,node_exporter,0.16363636363636358
1776575602,node_exporter,0.1454545454545454
1776575632,node_exporter,0.1454545454545456
1776575662,node_exporter,0.16363636363636358
1776575692,node_exporter,0.1454545454545454
1776575722,node_exporter,0.1454545454545456
1776575752,node_exporter,0.16363636363636377
1776575782,node_exporter,0.18181818181818155
1776575812,node_exporter,0.18181818181818155
1776575842,node_exporter,0.16363636363636377
1776575872,node_exporter,0.20000000000000018
1776575902,node_exporter,0.19999999999999973
1776575932,node_exporter,0.19999999999999973
1776575962,node_exporter,0.20000000000000018
1776575992,node_exporter,0.20000000000000018
1776576022,node_exporter,0.21818181818181798
1776576052,node_exporter,0.19999999999999973
1776576082,node_exporter,0.20000000000000018
1776576112,node_exporter,0.18181818181818196
1776576142,node_exporter,0.18181818181818196
1776576172,node_exporter,0.19999999999999973
1776576202,node_exporter,0.16363636363636336
1776576232,node_exporter,0.1454545454545456
1776576262,node_exporter,0.14545454545454517
1776576292,node_exporter,0.1454545454545456
1776576322,node_exporter,0.1454545454545456
1776576352,node_exporter,0.1454545454545456
1776576382,node_exporter,0.1454545454545456
1776576412,node_exporter,0.16363636363636336
1776576442,node_exporter,0.18181818181818116
1776576472,node_exporter,0.21818181818181837
1776576502,node_exporter,0.23636363636363616
1776576532,node_exporter,0.19999999999999973
1776576562,node_exporter,0.21818181818181753
1776576592,node_exporter,0.23636363636363616
1776576622,node_exporter,0.23636363636363616
1776576652,node_exporter,0.23636363636363616
1776576682,node_exporter,0.2545454545454548
1776576712,node_exporter,0.23636363636363616
1776576742,node_exporter,0.23636363636363616
1776576772,node_exporter,0.21818181818181837
1776576802,node_exporter,0.21818181818181837
1776576832,node_exporter,0.23636363636363616
1776576862,node_exporter,0.19999999999999973
1776576892,node_exporter,0.16363636363636336
1776576922,node_exporter,0.1454545454545456
1776576952,node_exporter,0.12727272727272698
1776576982,node_exporter,0.18181818181818116
1776577012,node_exporter,0.19999999999999973
1776577042,node_exporter,0.21818181818181837
1776577072,node_exporter,0.21818181818181837
1776577102,node_exporter,0.21818181818181753
1776577132,node_exporter,0.19999999999999973
1776577162,node_exporter,0.21818181818181837
1776577192,node_exporter,0.23636363636363616
1776577222,node_exporter,0.236363636363637
1776577252,node_exporter,0.2545454545454548
1776577282,node_exporter,0.2727272727272734
1776577312,node_exporter,0.23636363636363616
1776577342,node_exporter,0.21818181818181837
1776577372,node_exporter,0.23636363636363616
1776577402,node_exporter,0.25454545454545396
1776577432,node_exporter,0.23636363636363616
1776577462,node_exporter,0.23636363636363616
1776577492,node_exporter,0.20000000000000057
1776577522,node_exporter,0.16363636363636336
1776577552,node_exporter,0.1272727272727278
1776577582,node_exporter,0.1454545454545456
1776577612,node_exporter,0.16363636363636336
1776577642,node_exporter,0.18181818181818277
1776577672,node_exporter,0.21818181818181837
1776577702,node_exporter,0.21818181818181837
1776577732,node_exporter,0.19999999999999896
1776577762,node_exporter,0.21818181818181837
1776577792,node_exporter,0.21818181818181837
1776577822,node_exporter,0.21818181818181837
1776577852,node_exporter,0.23636363636363616
1776577882,node_exporter,0.23636363636363777
1776577912,node_exporter,0.25454545454545396
1776577942,node_exporter,0.25454545454545396
1776577972,node_exporter,0.21818181818181837
1776578002,node_exporter,0.20000000000000057
1776578032,node_exporter,0.21818181818181837
1776578062,node_exporter,0.21818181818181676
1776578092,node_exporter,0.25454545454545396
1776578122,node_exporter,0.25454545454545396
1776578152,node_exporter,0.21818181818181676
1776578182,node_exporter,0.1454545454545456
1776578212,node_exporter,0.1454545454545456
1776578242,node_exporter,0.12727272727272618
1776578272,node_exporter,0.18181818181818277
1776578302,node_exporter,0.21818181818181837
1776578332,node_exporter,0.21818181818181837
1776578362,node_exporter,0.18181818181818116
1776578392,node_exporter,0.16363636363636336
1776578422,node_exporter,0.14545454545454398
1776575002,node_exporter,0.172992
1776575032,node_exporter,0.36363636363636365
1776575062,node_exporter,0.3999999999999999
1776575092,node_exporter,0.41818181818181815
1776575122,node_exporter,0.3818181818181817
1776575152,node_exporter,0.36363636363636354
1776575182,node_exporter,0.38181818181818195
1776575212,node_exporter,0.38181818181818195
1776575242,node_exporter,0.38181818181818195
1776575272,node_exporter,0.36363636363636354
1776575302,node_exporter,0.3818181818181817
1776575332,node_exporter,0.3999999999999999
1776575362,node_exporter,0.41818181818181815
1776575392,node_exporter,0.3818181818181821
1776575422,node_exporter,0.3818181818181817
1776575452,node_exporter,0.3818181818181821
1776575482,node_exporter,0.36363636363636354
1776575512,node_exporter,0.38181818181818133
1776575542,node_exporter,0.3636363636363639
1776575572,node_exporter,0.3636363636363639
1776575602,node_exporter,0.3818181818181817
1776575632,node_exporter,0.41818181818181815
1776575662,node_exporter,0.45454545454545453
1776575692,node_exporter,0.45454545454545453
1776575722,node_exporter,0.45454545454545453
1776575752,node_exporter,0.43636363636363673
1776575782,node_exporter,0.41818181818181815
1776575812,node_exporter,0.43636363636363595
1776575842,node_exporter,0.4909090909090909
1776575872,node_exporter,0.43636363636363595
1776575902,node_exporter,0.43636363636363673
1776575932,node_exporter,0.43636363636363595
1776575962,node_exporter,0.45454545454545375
1776575992,node_exporter,0.45454545454545453
1776576022,node_exporter,0.47272727272727233
1776576052,node_exporter,0.472727272727274
1776576082,node_exporter,0.49090909090909013
1776576112,node_exporter,0.49090909090909174
1776576142,node_exporter,0.45454545454545453
1776576172,node_exporter,0.43636363636363673
1776576202,node_exporter,0.41818181818181893
1776576232,node_exporter,0.38181818181818333
1776576262,node_exporter,0.41818181818181893
1776576292,node_exporter,0.41818181818181893
1776576322,node_exporter,0.41818181818181893
1776576352,node_exporter,0.43636363636363673
1776576382,node_exporter,0.45454545454545453
1776576412,node_exporter,0.49090909090909174
1776576442,node_exporter,0.5090909090909096
1776576472,node_exporter,0.49090909090909174
1776576502,node_exporter,0.47272727272727233
1776576532,node_exporter,0.5090909090909096
1776576562,node_exporter,0.49090909090909013
1776576592,node_exporter,0.45454545454545453
1776576622,node_exporter,0.45454545454545453
1776576652,node_exporter,0.47272727272727233
1776576682,node_exporter,0.472727272727274
1776576712,node_exporter,0.47272727272727233
1776576742,node_exporter,0.45454545454545453
1776576772,node_exporter,0.47272727272727233
1776576802,node_exporter,0.5090909090909096
1776576832,node_exporter,0.49090909090909013
1776576862,node_exporter,0.45454545454545453
1776576892,node_exporter,0.4181818181818157
1776576922,node_exporter,0.38181818181818333
1776576952,node_exporter,0.3999999999999979
1776576982,node_exporter,0.43636363636363673
1776577012,node_exporter,0.47272727272727233
1776577042,node_exporter,0.49090909090909335
1776577072,node_exporter,0.49090909090909013
1776577102,node_exporter,0.49090909090909013
1776577132,node_exporter,0.5090909090909079
1776577162,node_exporter,0.5090909090909111
1776577192,node_exporter,0.5090909090909111
1776577222,node_exporter,0.5090909090909079
1776577252,node_exporter,0.49090909090909013
1776577282,node_exporter,0.47272727272727233
1776577312,node_exporter,0.49090909090909013
1776577342,node_exporter,0.5090909090909079
1776577372,node_exporter,0.49090909090909013
1776577402,node_exporter,0.49090909090909013
1776577432,node_exporter,0.49090909090909335
1776577462,node_exporter,0.49090909090909013
1776577492,node_exporter,0.43636363636363673
1776577522,node_exporter,0.3999999999999979
1776577552,node_exporter,0.41818181818181893
1776577582,node_exporter,0.43636363636363673
1776577612,node_exporter,0.49090909090909013
1776577642,node_exporter,0.5454545454545435
1776577672,node_exporter,0.49090909090909013
1776577702,node_exporter,0.49090909090909335
1776577732,node_exporter,0.49090909090909013
1776577762,node_exporter,0.49090909090909013
1776577792,node_exporter,0.47272727272727233
1776577822,node_exporter,0.5090909090909079
1776577852,node_exporter,0.49090909090909335
1776577882,node_exporter,0.47272727272727233
1776577912,node_exporter,0.47272727272727233
1776577942,node_exporter,0.45454545454545453
1776577972,node_exporter,0.49090909090909335
1776578002,node_exporter,0.5272727272727257
1776578032,node_exporter,0.49090909090909013
1776578062,node_exporter,0.5090909090909079
1776578092,node_exporter,0.49090909090909013
1776578122,node_exporter,0.49090909090909335
1776578152,node_exporter,0.49090909090909013
1776578182,node_exporter,0.47272727272727233
1776578212,node_exporter,0.4181818181818157
1776578242,node_exporter,0.41818181818181893
1776578272,node_exporter,0.49090909090909013
1776578302,node_exporter,0.47272727272727233
1776578332,node_exporter,0.49090909090909013
1776578362,node_exporter,0.5090909090909079
1776578392,node_exporter,0.5090909090909079
1776578422,node_exporter,0.43636363636363673
1776575002,other,0.15377066666666664
1776575032,other,0.32727272727272727
1776575062,other,0.3090909090909092
1776575092,other,0.30909090909090925
1776575122,other,0.34545454545454535
1776575152,other,0.34545454545454546
1776575182,other,0.3636363636363637
1776575212,other,0.38181818181818195
1776575242,other,0.3454545454545455
1776575272,other,0.32727272727272694
1776575302,other,0.32727272727272716
1776575332,other,0.3636363636363639
1776575362,other,0.34545454545454574
1776575392,other,0.36363636363636354
1776575422,other,0.36363636363636354
1776575452,other,0.32727272727272755
1776575482,other,0.32727272727272716
1776575512,other,0.34545454545454535
1776575542,other,0.32727272727272755
1776575572,other,0.3272727272727267
1776575602,other,0.3454545454545449
1776575632,other,0.3818181818181809
1776575662,other,0.40000000000000036
1776575692,other,0.40000000000000036
1776575722,other,0.39999999999999947
1776575752,other,0.41818181818181727
1776575782,other,0.49090909090909013
1776575812,other,0.45454545454545375
1776575842,other,0.45454545454545453
1776575872,other,0.45454545454545453
1776575902,other,0.49090909090909013
1776575932,other,0.49090909090909013
1776575962,other,0.49090909090909174
1776575992,other,0.5272727272727273
1776576022,other,0.5818181818181807
1776576052,other,0.5454545454545435
1776576082,other,0.5999999999999969
1776576112,other,0.6000000000000001
1776576142,other,0.5090909090909079
1776576172,other,0.43636363636363507
1776576202,other,0.3999999999999979
1776576232,other,0.3818181818181801
1776576262,other,0.3454545454545445
1776576292,other,0.3818181818181801
1776576322,other,0.41818181818181727
1776576352,other,0.3999999999999979
1776576382,other,0.41818181818181727
1776576412,other,0.47272727272727233
1776576442,other,0.5818181818181823
1776576472,other,0.7636363636363651
1776576502,other,0.8363636363636345
1776576532,other,0.9272727272727268
1776576562,other,0.8909090909090913
1776576592,other,0.8909090909090897
1776576622,other,0.9090909090909075
1776576652,other,0.8363636363636363
1776576682,other,0.8363636363636345
1776576712,other,0.9090909090909106
1776576742,other,0.8545454545454557
1776576772,other,0.8545454545454525
1776576802,other,0.9272727272727268
1776576832,other,0.9272727272727268
1776576862,other,0.8181818181818201
1776576892,other,0.5454545454545435
1776576922,other,0.4181818181818157
1776576952,other,0.4181818181818157
1776576982,other,0.5818181818181823
1776577012,other,0.8363636363636345
1776577042,other,0.8909090909090913
1776577072,other,0.8727272727272701
1776577102,other,0.8727272727272701
1776577132,other,0.8727272727272701
1776577162,other,0.890909090909088
1776577192,other,0.9272727272727268
1776577222,other,0.9454545454545447
1776577252,other,0.9272727272727268
1776577282,other,0.9636363636363623
1776577312,other,0.890909090909088
1776577342,other,0.890909090909088
1776577372,other,0.9090909090909091
1776577402,other,0.9090909090909091
1776577432,other,0.9454545454545447
1776577462,other,0.9454545454545447
1776577492,other,0.7272727272727278
1776577522,other,0.5090909090909079
1776577552,other,0.4545454545454513
1776577582,other,0.4909090909090869
1776577612,other,0.7454545454545425
1776577642,other,0.9272727272727268
1776577672,other,0.8909090909090848
1776577702,other,0.8909090909090848
1776577732,other,0.9090909090909155
1776577762,other,0.9090909090909091
1776577792,other,0.9454545454545447
1776577822,other,0.92727272727273
1776577852,other,0.9090909090909155
1776577882,other,0.9636363636363721
1776577912,other,0.9454545454545574
1776577942,other,0.927272727272743
1776577972,other,0.9090909090909155
1776578002,other,0.9272727272727365
1776578032,other,0.9272727272727365
1776578062,other,0.9454545454545511
1776578092,other,0.9636363636363721
1776578122,other,0.9636363636363721
1776578152,other,0.9090909090909155
1776578182,other,0.6909090909090955
1776578212,other,0.4545454545454609
1776578242,other,0.5272727272727321
1776578272,other,0.7818181818181877
1776578302,other,0.9272727272727365
1776578332,other,0.92727272727273
1776578362,other,0.9454545454545574
1776578392,other,0.9272727272727365
1776578422,other,0.672727272727281
1776575002,other,0.19221333333333337
1776575032,other,0.34545454545454546
1776575062,other,0.38181818181818195
1776575092,other,0.3454545454545455
1776575122,other,0.30909090909090914
1776575152,other,0.3818181818181817
1776575182,other,0.41818181818181815
1776575212,other,0.34545454545454535
1776575242,other,0.34545454545454574
1776575272,other,0.3454545454545455
1776575302,other,0.36363636363636354
1776575332,other,0.32727272727272716
1776575362,other,0.32727272727272716
1776575392,other,0.36363636363636354
1776575422,other,0.34545454545454535
1776575452,other,0.3636363636363631
1776575482,other,0.34545454545454535
1776575512,other,0.36363636363636354
1776575542,other,0.4000000000000007
1776575572,other,0.36363636363636553
1776575602,other,0.32727272727272916
1776575632,other,0.32727272727272916
1776575662,other,0.36363636363636553
1776575692,other,0.3636363636363639
1776575722,other,0.3818181818181809
1776575752,other,0.43636363636363595
1776575782,other,0.41818181818181815
1776575812,other,0.39999999999999947
1776575842,other,0.45454545454545375
1776575872,other,0.45454545454545375
1776575902,other,0.43636363636363673
1776575932,other,0.47272727272727233
1776575962,other,0.5454545454545443
1776575992,other,0.563636363636362
1776576022,other,0.5818181818181799
1776576052,other,0.6181818181818195
1776576082,other,0.6000000000000033
1776576112,other,0.5272727272727306
1776576142,other,0.5090909090909111
1776576172,other,0.49090909090909013
1776576202,other,0.3454545454545445
1776576232,other,0.38181818181818333
1776576262,other,0.3818181818181817
1776576292,other,0.3636363636363623
1776576322,other,0.40000000000000113
1776576352,other,0.5090909090909111
1776576382,other,0.5090909090909096
1776576412,other,0.49090909090909174
1776576442,other,0.5454545454545435
1776576472,other,0.690909090909089
1776576502,other,0.7272727272727246
1776576532,other,0.7090909090909069
1776576562,other,0.7090909090909052
1776576592,other,0.7999999999999958
1776576622,other,0.7999999999999989
1776576652,other,0.7818181818181813
1776576682,other,0.7272727272727246
1776576712,other,0.7636363636363651
1776576742,other,0.8181818181818169
1776576772,other,0.7272727272727278
1776576802,other,0.6727272727272745
1776576832,other,0.690909090909089
1776576862,other,0.6000000000000001
1776576892,other,0.4363636363636303
1776576922,other,0.436363636363627
1776576952,other,0.4545454545454448
1776576982,other,0.6181818181818179
1776577012,other,0.8181818181818232
1776577042,other,0.8000000000000087
1776577072,other,0.7999999999999989
1776577102,other,0.8181818181818169
1776577132,other,0.7272727272727246
1776577162,other,0.690909090909089
1776577192,other,0.6545454545454534
1776577222,other,0.6545454545454534
1776577252,other,0.690909090909089
1776577282,other,0.690909090909089
1776577312,other,0.781818181818178
1776577342,other,0.781818181818178
1776577372,other,0.7454545454545425
1776577402,other,0.7636363636363602
1776577432,other,0.6727272727272713
1776577462,other,0.7454545454545425
1776577492,other,0.690909090909089
1776577522,other,0.3818181818181769
1776577552,other,0.3454545454545413
1776577582,other,0.49090909090909013
1776577612,other,0.690909090909089
1776577642,other,0.7454545454545425
1776577672,other,0.7454545454545425
1776577702,other,0.7999999999999989
1776577732,other,0.8727272727272701
1776577762,other,0.8181818181818136
1776577792,other,0.7272727272727246
1776577822,other,0.781818181818178
1776577852,other,0.7454545454545425
1776577882,other,0.636363636363626
1776577912,other,0.690909090909089
1776577942,other,0.7818181818181941
1776577972,other,0.7454545454545586
1776578002,other,0.7090909090909101
1776578032,other,0.8000000000000023
1776578062,other,0.7818181818181941
1776578092,other,0.6727272727272745
1776578122,other,0.6727272727272681
1776578152,other,0.7090909090909101
1776578182,other,0.5090909090909111
1776578212,other,0.41818181818181893
1776578242,other,0.509090909090924
1776578272,other,0.7090909090909165
1776578302,other,0.7818181818181813
1776578332,other,0.7272727272727246
1776578362,other,0.6909090909090955
1776578392,other,0.6545454545454599
1776578422,other,0.49090909090908363
1776575002,php-fpm,0.019221333333333337
1776575032,php-fpm,0.2363636363636364
1776575062,php-fpm,0.2545454545454546
1776575092,php-fpm,0.290909090909091
1776575122,php-fpm,0.14545454545454553
1776575152,php-fpm,0.0181818181818182
1776575182,php-fpm,0.36363636363636354
1776575212,php-fpm,1.236363636363636
1776575242,php-fpm,2.29090909090909
1776575272,php-fpm,2.781818181818182
1776575302,php-fpm,2.8727272727272726
1776575332,php-fpm,2.8000000000000003
1776575362,php-fpm,2.945454545454545
1776575392,php-fpm,3.0181818181818185
1776575422,php-fpm,2.7454545454545465
1776575452,php-fpm,1.2363636363636374
1776575482,php-fpm,0.0727272727272728
1776575512,php-fpm,0.1454545454545456
1776575542,php-fpm,1.145454545454545
1776575572,php-fpm,3.3454545454545466
1776575602,php-fpm,5.581818181818182
1776575632,php-fpm,7.872727272727273
1776575662,php-fpm,9.927272727272724
1776575692,php-fpm,12.000000000000002
1776575722,php-fpm,13.672727272727272
1776575752,php-fpm,15
1776575782,php-fpm,16.054545454545462
1776575812,php-fpm,16.727272727272744
1776575842,php-fpm,17.45454545454547
1776575872,php-fpm,18.34545454545455
1776575902,php-fpm,19.799999999999986
1776575932,php-fpm,20.909090909090892
1776575962,php-fpm,21.727272727272716
1776575992,php-fpm,22.054545454545497
1776576022,php-fpm,21.981818181818237
1776576052,php-fpm,22.018181818181816
1776576082,php-fpm,22.2727272727273
1776576112,php-fpm,22.454545454545492
1776576142,php-fpm,19.709090909090914
1776576172,php-fpm,11.072727272727228
1776576202,php-fpm,2.2727272727272467
1776576232,php-fpm,0
1776576262,php-fpm,0.5818181818181952
1776576292,php-fpm,4.41818181818183
1776576322,php-fpm,10.672727272727306
1776576352,php-fpm,15.327272727272739
1776576382,php-fpm,17.945454545454552
1776576412,php-fpm,20.50909090909096
1776576442,php-fpm,22.854545454545466
1776576472,php-fpm,25.0545454545454
1776576502,php-fpm,26.781818181818164
1776576532,php-fpm,26.52727272727268
1776576562,php-fpm,26.072727272727175
1776576592,php-fpm,25.92727272727266
1776576622,php-fpm,25.636363636363672
1776576652,php-fpm,25.290909090909135
1776576682,php-fpm,25.509090909090958
1776576712,php-fpm,25.727272727272787
1776576742,php-fpm,25.872727272727303
1776576772,php-fpm,26.200000000000045
1776576802,php-fpm,26.12727272727279
1776576832,php-fpm,25.563636363636416
1776576862,php-fpm,16.636363636363647
1776576892,php-fpm,2.8545454545454936
1776576922,php-fpm,0.018181818181801646
1776576952,php-fpm,6.58181818181819
1776576982,php-fpm,20.854545454545452
1776577012,php-fpm,26.85454545454547
1776577042,php-fpm,26.618181818181895
1776577072,php-fpm,26.30909090909075
1776577102,php-fpm,26.545454545454277
1776577132,php-fpm,26.927272727272626
1776577162,php-fpm,26.563636363636178
1776577192,php-fpm,26.690909090909
1776577222,php-fpm,26.945454545454634
1776577252,php-fpm,26.70909090909111
1776577282,php-fpm,26.32727272727276
1776577312,php-fpm,26.327272727272653
1776577342,php-fpm,26.59999999999999
1776577372,php-fpm,26.254545454545553
1776577402,php-fpm,25.890909090909208
1776577432,php-fpm,25.65454545454558
1776577462,php-fpm,24.963636363636397
1776577492,php-fpm,11.236363636363649
1776577522,php-fpm,0
1776577552,php-fpm,1.2909090909090537
1776577582,php-fpm,12.418181818181685
1776577612,php-fpm,24.745454545454464
1776577642,php-fpm,26.927272727272726
1776577672,php-fpm,26.581818181818086
1776577702,php-fpm,26.454545454545368
1776577732,php-fpm,26.509090909090776
1776577762,php-fpm,26.545454545454376
1776577792,php-fpm,26.672727272727197
1776577822,php-fpm,26.509090909090876
1776577852,php-fpm,26.927272727272832
1776577882,php-fpm,27.127272727272754
1776577912,php-fpm,26.799999999999912
1776577942,php-fpm,26.47272727272717
1776577972,php-fpm,26.454545454545368
1776578002,php-fpm,26.21818181818174
1776578032,php-fpm,26.32727272727276
1776578062,php-fpm,26.127272727272633
1776578092,php-fpm,25.836363636363597
1776578122,php-fpm,25.909090909090697
1776578152,php-fpm,20.0545454545454
1776578182,php-fpm,6.018181818181718
1776578212,php-fpm,0.018181818181801646
1776578242,php-fpm,10.8181818181819
1776578272,php-fpm,25.127272727272608
1776578302,php-fpm,26.381818181817955
1776578332,php-fpm,26.199999999999733
1776578362,php-fpm,26.36363636363636
1776578392,php-fpm,19.581818181818562
1776578422,php-fpm,5.309090909091041
1776575002,php-fpm,0.017554666666666666
1776575032,php-fpm,2.0825769696969707
1776575062,php-fpm,2.436363636363637
1776575092,php-fpm,2.1636363636363636
1776575122,php-fpm,0.8727272727272726
1776575152,php-fpm,0.018181818181817792
1776575182,php-fpm,2.5454545454545445
1776575212,php-fpm,10.49090909090909
1776575242,php-fpm,19.654545454545456
1776575272,php-fpm,24.01818181818182
1776575302,php-fpm,25.03636363636364
1776575332,php-fpm,24.599999999999994
1776575362,php-fpm,24.8181818181818
1776575392,php-fpm,25.03636363636364
1776575422,php-fpm,22.872727272727257
1776575452,php-fpm,10.727272727272712
1776575482,php-fpm,0.6181818181818115
1776575512,php-fpm,0.9999999999999948
1776575542,php-fpm,9.45454545454546
1776575572,php-fpm,29.145454545454548
1776575602,php-fpm,49.363636363636346
1776575632,php-fpm,68.56363636363632
1776575662,php-fpm,87.45454545454544
1776575692,php-fpm,106.39999999999998
1776575722,php-fpm,123.56363636363632
1776575752,php-fpm,138.5636363636364
1776575782,php-fpm,153.27272727272722
1776575812,php-fpm,165.99999999999991
1776575842,php-fpm,172.690909090909
1776575872,php-fpm,185.18181818181822
1776575902,php-fpm,203.16363636363627
1776575932,php-fpm,212.7999999999996
1776575962,php-fpm,225.09090909090855
1776575992,php-fpm,231.7272727272726
1776576022,php-fpm,233.2363636363636
1776576052,php-fpm,233.9999999999997
1776576082,php-fpm,236.0909090909089
1776576112,php-fpm,240.1999999999998
1776576142,php-fpm,205.58181818181788
1776576172,php-fpm,106.89090909090902
1776576202,php-fpm,20.690909090909287
1776576232,php-fpm,0
1776576262,php-fpm,5.581818181818066
1776576292,php-fpm,40.43636363636324
1776576322,php-fpm,96.80000000000001
1776576352,php-fpm,143.03636363636335
1776576382,php-fpm,177.09090909090884
1776576412,php-fpm,208.30909090909077
1776576442,php-fpm,238.19999999999956
1776576472,php-fpm,254.4363636363637
1776576502,php-fpm,256.4909090909094
1776576532,php-fpm,256.69090909090835
1776576562,php-fpm,257.39999999999947
1776576592,php-fpm,257.5090909090907
1776576622,php-fpm,256.27272727272737
1776576652,php-fpm,256.8545454545458
1776576682,php-fpm,254.9818181818186
1776576712,php-fpm,256.9090909090908
1776576742,php-fpm,255.16363636363536
1776576772,php-fpm,255.54545454545487
1776576802,php-fpm,257.3090909090925
1776576832,php-fpm,261.0000000000003
1776576862,php-fpm,174.34545454545432
1776576892,php-fpm,30.272727272726605
1776576922,php-fpm,0
1776576952,php-fpm,64.32727272727293
1776576982,php-fpm,200.36363636363603
1776577012,php-fpm,255.363636363636
1776577042,php-fpm,255.6181818181829
1776577072,php-fpm,255.03636363636443
1776577102,php-fpm,255.16363636363576
1776577132,php-fpm,255.83636363636367
1776577162,php-fpm,257.61818181818273
1776577192,php-fpm,256.30909090909137
1776577222,php-fpm,255.39999999999964
1776577252,php-fpm,257.1454545454534
1776577282,php-fpm,258.4909090909084
1776577312,php-fpm,256.65454545454514
1776577342,php-fpm,255.41818181818186
1776577372,php-fpm,257.50909090909107
1776577402,php-fpm,259.0727272727277
1776577432,php-fpm,258.83636363636384
1776577462,php-fpm,256.10909090908945
1776577492,php-fpm,115.94545454545369
1776577522,php-fpm,0.01818181818221505
1776577552,php-fpm,11.200000000001388
1776577582,php-fpm,123.83636363636552
1776577612,php-fpm,241.81818181818264
1776577642,php-fpm,255.83636363636288
1776577672,php-fpm,256.0363636363623
1776577702,php-fpm,256.27272727272856
1776577732,php-fpm,255.6181818181829
1776577762,php-fpm,254.8909090909067
1776577792,php-fpm,254.90909090909057
1776577822,php-fpm,256.5454545454585
1776577852,php-fpm,255.74545454545756
1776577882,php-fpm,256.0909090909114
1776577912,php-fpm,256.16363636363695
1776577942,php-fpm,256.10909090909195
1776577972,php-fpm,256.0363636363631
1776578002,php-fpm,257.36363636363507
1776578032,php-fpm,254.98181818181774
1776578062,php-fpm,257.7636363636388
1776578092,php-fpm,257.05454545454563
1776578122,php-fpm,257.41818181818
1776578152,php-fpm,202.39999999999947
1776578182,php-fpm,61.36363636363637
1776578212,php-fpm,0.01818181818221505
1776578242,php-fpm,107.41818181818168
1776578272,php-fpm,248.56363636363477
1776578302,php-fpm,257.98181818181547
1776578332,php-fpm,257.8909090909077
1776578362,php-fpm,258.0909090909104
1776578392,php-fpm,192.70909090909217
1776578422,php-fpm,52.16363636363729
1776575002,qemu-ga,0
1776575032,qemu-ga,0.017070303030303033
1776575062,qemu-ga,0.034140606060606066
1776575092,qemu-ga,0.01818181818181818
1776575122,qemu-ga,0.018181818181818177
1776575152,qemu-ga,0.018181818181818177
1776575182,qemu-ga,0.018181818181818184
1776575212,qemu-ga,0.03636363636363637
1776575242,qemu-ga,0.018181818181818184
1776575272,qemu-ga,0.018181818181818174
1776575302,qemu-ga,0.018181818181818174
1776575332,qemu-ga,0.0181818181818182
1776575362,qemu-ga,0.03636363636363637
1776575392,qemu-ga,0.018181818181818174
1776575422,qemu-ga,0
1776575452,qemu-ga,0.018181818181818174
1776575482,qemu-ga,0
1776575512,qemu-ga,0.0181818181818182
1776575542,qemu-ga,0.0181818181818182
1776575572,qemu-ga,0
1776575602,qemu-ga,0
1776575632,qemu-ga,0
1776575662,qemu-ga,0.018181818181818174
1776575692,qemu-ga,0
1776575722,qemu-ga,0.018181818181818174
1776575752,qemu-ga,0.018181818181818174
1776575782,qemu-ga,0
1776575812,qemu-ga,0.0181818181818182
1776575842,qemu-ga,0.0181818181818182
1776575872,qemu-ga,0
1776575902,qemu-ga,0
1776575932,qemu-ga,0
1776575962,qemu-ga,0
1776575992,qemu-ga,0.0181818181818182
1776576022,qemu-ga,0.0181818181818182
1776576052,qemu-ga,0
1776576082,qemu-ga,0.018181818181818146
1776576112,qemu-ga,0.018181818181818146
1776576142,qemu-ga,0
1776576172,qemu-ga,0.0181818181818182
1776576202,qemu-ga,0.0181818181818182
1776576232,qemu-ga,0.0181818181818182
1776576262,qemu-ga,0.0181818181818182
1776576292,qemu-ga,0
1776576322,qemu-ga,0
1776576352,qemu-ga,0
1776576382,qemu-ga,0.018181818181818146
1776576412,qemu-ga,0.018181818181818146
1776576442,qemu-ga,0
1776576472,qemu-ga,0.0181818181818182
1776576502,qemu-ga,0.0181818181818182
1776576532,qemu-ga,0
1776576562,qemu-ga,0.0181818181818182
1776576592,qemu-ga,0.0181818181818182
1776576622,qemu-ga,0
1776576652,qemu-ga,0.018181818181818146
1776576682,qemu-ga,0.018181818181818146
1776576712,qemu-ga,0
1776576742,qemu-ga,0
1776576772,qemu-ga,0.0181818181818182
1776576802,qemu-ga,0
1776576832,qemu-ga,0
1776576862,qemu-ga,0
1776576892,qemu-ga,0.0181818181818182
1776576922,qemu-ga,0.018181818181818146
1776576952,qemu-ga,0.018181818181818146
1776576982,qemu-ga,0.0181818181818182
1776577012,qemu-ga,0.0181818181818182
1776577042,qemu-ga,0
1776577072,qemu-ga,0.0181818181818182
1776577102,qemu-ga,0.0181818181818182
1776577132,qemu-ga,0
1776577162,qemu-ga,0
1776577192,qemu-ga,0
1776577222,qemu-ga,0.0181818181818182
1776577252,qemu-ga,0
1776577282,qemu-ga,0.0181818181818182
1776577312,qemu-ga,0.0181818181818182
1776577342,qemu-ga,0
1776577372,qemu-ga,0.018181818181818098
1776577402,qemu-ga,0.018181818181818098
1776577432,qemu-ga,0
1776577462,qemu-ga,0.0181818181818182
1776577492,qemu-ga,0.0181818181818182
1776577522,qemu-ga,0.0181818181818182
1776577552,qemu-ga,0.0181818181818182
1776577582,qemu-ga,0.0181818181818182
1776577612,qemu-ga,0
1776577642,qemu-ga,0
1776577672,qemu-ga,0.0181818181818182
1776577702,qemu-ga,0.0181818181818182
1776577732,qemu-ga,0.0181818181818182
1776577762,qemu-ga,0.0181818181818182
1776577792,qemu-ga,0
1776577822,qemu-ga,0
1776577852,qemu-ga,0.018181818181818098
1776577882,qemu-ga,0.018181818181818098
1776577912,qemu-ga,0
1776577942,qemu-ga,0.0181818181818182
1776577972,qemu-ga,0.0181818181818182
1776578002,qemu-ga,0
1776578032,qemu-ga,0
1776578062,qemu-ga,0.0181818181818182
1776578092,qemu-ga,0.0181818181818182
1776578122,qemu-ga,0.0181818181818182
1776578152,qemu-ga,0.0181818181818182
1776578182,qemu-ga,0.0181818181818182
1776578212,qemu-ga,0.0181818181818182
1776578242,qemu-ga,0.0181818181818182
1776578272,qemu-ga,0.0181818181818182
1776578302,qemu-ga,0
1776578332,qemu-ga,0.018181818181818098
1776578362,qemu-ga,0.018181818181818098
1776578392,qemu-ga,0.0181818181818182
1776578422,qemu-ga,0.0181818181818182
1776575002,qemu-ga,0
1776575032,qemu-ga,0
1776575062,qemu-ga,0.017070303030303033
1776575092,qemu-ga,0.017070303030303033
1776575122,qemu-ga,0.01818181818181818
1776575152,qemu-ga,0
1776575182,qemu-ga,0.018181818181818177
1776575212,qemu-ga,0.018181818181818177
1776575242,qemu-ga,0
1776575272,qemu-ga,0.018181818181818184
1776575302,qemu-ga,0
1776575332,qemu-ga,0.018181818181818184
1776575362,qemu-ga,0
1776575392,qemu-ga,0.018181818181818174
1776575422,qemu-ga,0.0181818181818182
1776575452,qemu-ga,0.0181818181818182
1776575482,qemu-ga,0.018181818181818174
1776575512,qemu-ga,0.018181818181818174
1776575542,qemu-ga,0.018181818181818174
1776575572,qemu-ga,0.03636363636363637
1776575602,qemu-ga,0.03636363636363637
1776575632,qemu-ga,0.018181818181818174
1776575662,qemu-ga,0
1776575692,qemu-ga,0.018181818181818174
1776575722,qemu-ga,0.0181818181818182
1776575752,qemu-ga,0.0181818181818182
1776575782,qemu-ga,0.0181818181818182
1776575812,qemu-ga,0.0181818181818182
1776575842,qemu-ga,0.018181818181818146
1776575872,qemu-ga,0.018181818181818146
1776575902,qemu-ga,0.0181818181818182
1776575932,qemu-ga,0.0181818181818182
1776575962,qemu-ga,0.0181818181818182
1776575992,qemu-ga,0
1776576022,qemu-ga,0.018181818181818146
1776576052,qemu-ga,0
1776576082,qemu-ga,0.0181818181818182
1776576112,qemu-ga,0.0181818181818182
1776576142,qemu-ga,0.0181818181818182
1776576172,qemu-ga,0.0181818181818182
1776576202,qemu-ga,0.018181818181818146
1776576232,qemu-ga,0.018181818181818146
1776576262,qemu-ga,0.0181818181818182
1776576292,qemu-ga,0.0363636363636364
1776576322,qemu-ga,0.0181818181818182
1776576352,qemu-ga,0.018181818181818146
1776576382,qemu-ga,0.0181818181818182
1776576412,qemu-ga,0.0181818181818182
1776576442,qemu-ga,0
1776576472,qemu-ga,0.0181818181818182
1776576502,qemu-ga,0
1776576532,qemu-ga,0.0181818181818182
1776576562,qemu-ga,0.0181818181818182
1776576592,qemu-ga,0.0181818181818182
1776576622,qemu-ga,0.0181818181818182
1776576652,qemu-ga,0.018181818181818098
1776576682,qemu-ga,0.018181818181818098
1776576712,qemu-ga,0.0181818181818182
1776576742,qemu-ga,0.0181818181818182
1776576772,qemu-ga,0.0181818181818182
1776576802,qemu-ga,0.0181818181818182
1776576832,qemu-ga,0.0181818181818182
1776576862,qemu-ga,0.0181818181818182
1776576892,qemu-ga,0.0181818181818182
1776576922,qemu-ga,0.0181818181818182
1776576952,qemu-ga,0.0181818181818182
1776576982,qemu-ga,0.0181818181818182
1776577012,qemu-ga,0
1776577042,qemu-ga,0.018181818181818098
1776577072,qemu-ga,0.018181818181818098
1776577102,qemu-ga,0.0181818181818182
1776577132,qemu-ga,0.0181818181818182
1776577162,qemu-ga,0.0181818181818182
1776577192,qemu-ga,0.0181818181818182
1776577222,qemu-ga,0.0181818181818182
1776577252,qemu-ga,0
1776577282,qemu-ga,0.0181818181818182
1776577312,qemu-ga,0.0181818181818182
1776577342,qemu-ga,0.0181818181818182
1776577372,qemu-ga,0.0181818181818182
1776577402,qemu-ga,0
1776577432,qemu-ga,0.018181818181818098
1776577462,qemu-ga,0
1776577492,qemu-ga,0.0181818181818182
1776577522,qemu-ga,0.0181818181818182
1776577552,qemu-ga,0.0181818181818182
1776577582,qemu-ga,0.0181818181818182
1776577612,qemu-ga,0.0181818181818182
1776577642,qemu-ga,0.0181818181818182
1776577672,qemu-ga,0
1776577702,qemu-ga,0.0181818181818182
1776577732,qemu-ga,0
1776577762,qemu-ga,0.0181818181818182
1776577792,qemu-ga,0.0181818181818182
1776577822,qemu-ga,0.018181818181818098
1776577852,qemu-ga,0.018181818181818098
1776577882,qemu-ga,0.0181818181818182
1776577912,qemu-ga,0
1776577942,qemu-ga,0.0181818181818182
1776577972,qemu-ga,0.0181818181818182
1776578002,qemu-ga,0.0181818181818182
1776578032,qemu-ga,0.0181818181818182
1776578062,qemu-ga,0.0181818181818182
1776578092,qemu-ga,0.0181818181818182
1776578122,qemu-ga,0
1776578152,qemu-ga,0.0181818181818182
1776578182,qemu-ga,0.0181818181818182
1776578212,qemu-ga,0.0181818181818182
1776578242,qemu-ga,0.0181818181818182
1776578272,qemu-ga,0.0181818181818182
1776578302,qemu-ga,0.0181818181818182
1776578332,qemu-ga,0
1776578362,qemu-ga,0.0181818181818182
1776578392,qemu-ga,0.0181818181818182
1776578422,qemu-ga,0
1776575002,redis-server,0
1776575032,redis-server,0.01818181818181818
1776575062,redis-server,0.054545454545454536
1776575092,redis-server,0.03636363636363637
1776575122,redis-server,0.036363636363636355
1776575152,redis-server,0.03636363636363637
1776575182,redis-server,0.054545454545454536
1776575212,redis-server,0.09090909090909091
1776575242,redis-server,0.12727272727272726
1776575272,redis-server,0.19999999999999996
1776575302,redis-server,0.19999999999999996
1776575332,redis-server,0.18181818181818177
1776575362,redis-server,0.18181818181818177
1776575392,redis-server,0.14545454545454548
1776575422,redis-server,0.16363636363636366
1776575452,redis-server,0.09090909090909088
1776575482,redis-server,0.0363636363636364
1776575512,redis-server,0.0363636363636364
1776575542,redis-server,0.0727272727272728
1776575572,redis-server,0.18181818181818177
1776575602,redis-server,0.30909090909090914
1776575632,redis-server,0.34545454545454535
1776575662,redis-server,0.41818181818181815
1776575692,redis-server,0.5636363636363635
1776575722,redis-server,0.6545454545454543
1776575752,redis-server,0.672727272727273
1776575782,redis-server,0.7636363636363639
1776575812,redis-server,0.8181818181818185
1776575842,redis-server,0.8363636363636358
1776575872,redis-server,0.8181818181818177
1776575902,redis-server,0.8909090909090913
1776575932,redis-server,0.9636363636363641
1776575962,redis-server,1.0363636363636368
1776575992,redis-server,1.1272727272727274
1776576022,redis-server,1.127272727272728
1776576052,redis-server,1.1272727272727265
1776576082,redis-server,1.1090909090909096
1776576112,redis-server,1.1272727272727274
1776576142,redis-server,0.9454545454545462
1776576172,redis-server,0.5090909090909096
1776576202,redis-server,0.1454545454545456
1776576232,redis-server,0.05454545454545338
1776576262,redis-server,0.0727272727272728
1776576292,redis-server,0.2545454545454556
1776576322,redis-server,0.5090909090909096
1776576352,redis-server,0.6909090909090907
1776576382,redis-server,0.8181818181818185
1776576412,redis-server,0.9636363636363623
1776576442,redis-server,1.145454545454545
1776576472,redis-server,1.345454545454546
1776576502,redis-server,1.4181818181818187
1776576532,redis-server,1.4181818181818169
1776576562,redis-server,1.3999999999999992
1776576592,redis-server,1.4727272727272736
1776576622,redis-server,1.3818181818181814
1776576652,redis-server,1.327272727272728
1776576682,redis-server,1.3090909090909102
1776576712,redis-server,1.4181818181818202
1776576742,redis-server,1.3636363636363635
1776576772,redis-server,1.3818181818181814
1776576802,redis-server,1.4181818181818202
1776576832,redis-server,1.5454545454545447
1776576862,redis-server,1.109090909090908
1776576892,redis-server,0.2545454545454556
1776576922,redis-server,0.05454545454545661
1776576952,redis-server,0.3636363636363623
1776576982,redis-server,0.9999999999999979
1776577012,redis-server,1.2727272727272714
1776577042,redis-server,1.3818181818181814
1776577072,redis-server,1.327272727272728
1776577102,redis-server,1.3636363636363635
1776577132,redis-server,1.4181818181818169
1776577162,redis-server,1.4363636363636347
1776577192,redis-server,1.4000000000000024
1776577222,redis-server,1.3818181818181814
1776577252,redis-server,1.4363636363636347
1776577282,redis-server,1.4727272727272704
1776577312,redis-server,1.3999999999999992
1776577342,redis-server,1.327272727272728
1776577372,redis-server,1.3999999999999992
1776577402,redis-server,1.4909090909090914
1776577432,redis-server,1.4909090909090914
1776577462,redis-server,1.5454545454545479
1776577492,redis-server,0.7272727272727246
1776577522,redis-server,0.036363636363635585
1776577552,redis-server,0.0909090909090922
1776577582,redis-server,0.6000000000000033
1776577612,redis-server,1.2363636363636359
1776577642,redis-server,1.381818181818178
1776577672,redis-server,1.3818181818181845
1776577702,redis-server,1.381818181818178
1776577732,redis-server,1.3818181818181845
1776577762,redis-server,1.3090909090909069
1776577792,redis-server,1.290909090909086
1776577822,redis-server,1.4000000000000057
1776577852,redis-server,1.4181818181818138
1776577882,redis-server,1.4181818181818202
1776577912,redis-server,1.3999999999999992
1776577942,redis-server,1.3636363636363635
1776577972,redis-server,1.381818181818178
1776578002,redis-server,1.4545454545454557
1776578032,redis-server,1.345454545454549
1776578062,redis-server,1.5090909090909124
1776578092,redis-server,1.381818181818178
1776578122,redis-server,1.327272727272728
1776578152,redis-server,1.2363636363636359
1776578182,redis-server,0.47272727272727555
1776578212,redis-server,0.036363636363635585
1776578242,redis-server,0.5454545454545467
1776578272,redis-server,1.2727272727272714
1776578302,redis-server,1.3999999999999992
1776578332,redis-server,1.4909090909090914
1776578362,redis-server,1.5090909090909124
1776578392,redis-server,1.1454545454545435
1776578422,redis-server,0.38181818181818333
1776575002,redis-server,0.052663999999999996
1776575032,redis-server,0.08535151515151515
1776575062,redis-server,0.07272727272727274
1776575092,redis-server,0.07272727272727275
1776575122,redis-server,0.09090909090909091
1776575152,redis-server,0.054545454545454536
1776575182,redis-server,0.054545454545454515
1776575212,redis-server,0.12727272727272723
1776575242,redis-server,0.2
1776575272,redis-server,0.16363636363636364
1776575302,redis-server,0.18181818181818177
1776575332,redis-server,0.19999999999999996
1776575362,redis-server,0.19999999999999996
1776575392,redis-server,0.23636363636363625
1776575422,redis-server,0.21818181818181814
1776575452,redis-server,0.1272727272727274
1776575482,redis-server,0.0727272727272728
1776575512,redis-server,0.05454545454545438
1776575542,redis-server,0.12727272727272718
1776575572,redis-server,0.2363636363636364
1776575602,redis-server,0.30909090909090914
1776575632,redis-server,0.4545454545454547
1776575662,redis-server,0.5636363636363637
1776575692,redis-server,0.5999999999999996
1776575722,redis-server,0.6727272727272725
1776575752,redis-server,0.7999999999999998
1776575782,redis-server,0.8727272727272735
1776575812,redis-server,0.9090909090909094
1776575842,redis-server,1.0181818181818174
1776575872,redis-server,1.1636363636363638
1776575902,redis-server,1.2181818181818178
1776575932,redis-server,1.2909090909090908
1776575962,redis-server,1.3818181818181814
1776575992,redis-server,1.4181818181818187
1776576022,redis-server,1.5090909090909093
1776576052,redis-server,1.5454545454545447
1776576082,redis-server,1.527272727272727
1776576112,redis-server,1.5454545454545447
1776576142,redis-server,1.327272727272728
1776576172,redis-server,0.6909090909090907
1776576202,redis-server,0.18181818181818277
1776576232,redis-server,0.054545454545454994
1776576262,redis-server,0.09090909090909058
1776576292,redis-server,0.25454545454545396
1776576322,redis-server,0.5636363636363645
1776576352,redis-server,0.8181818181818185
1776576382,redis-server,1.0363636363636368
1776576412,redis-server,1.2181818181818196
1776576442,redis-server,1.4363636363636347
1776576472,redis-server,1.636363636363637
1776576502,redis-server,1.6727272727272726
1776576532,redis-server,1.636363636363637
1776576562,redis-server,1.6181818181818193
1776576592,redis-server,1.527272727272727
1776576622,redis-server,1.527272727272727
1776576652,redis-server,1.6545454545454548
1776576682,redis-server,1.4545454545454524
1776576712,redis-server,1.5454545454545447
1776576742,redis-server,1.4727272727272704
1776576772,redis-server,1.5454545454545447
1776576802,redis-server,1.6545454545454548
1776576832,redis-server,1.7636363636363612
1776576862,redis-server,1.2545454545454535
1776576892,redis-server,0.2727272727272734
1776576922,redis-server,0.05454545454545338
1776576952,redis-server,0.38181818181818333
1776576982,redis-server,1.2727272727272714
1776577012,redis-server,1.690909090909087
1776577042,redis-server,1.6181818181818193
1776577072,redis-server,1.5818181818181836
1776577102,redis-server,1.6181818181818126
1776577132,redis-server,1.6545454545454548
1776577162,redis-server,1.7818181818181826
1776577192,redis-server,1.7090909090909114
1776577222,redis-server,1.6545454545454548
1776577252,redis-server,1.745454545454547
1776577282,redis-server,1.7818181818181826
1776577312,redis-server,1.6727272727272757
1776577342,redis-server,1.6363636363636338
1776577372,redis-server,1.6909090909090967
1776577402,redis-server,1.6727272727272757
1776577432,redis-server,1.6181818181818193
1776577462,redis-server,1.6181818181818193
1776577492,redis-server,0.8181818181818169
1776577522,redis-server,0.05454545454545661
1776577552,redis-server,0.1272727272727278
1776577582,redis-server,0.7636363636363667
1776577612,redis-server,1.527272727272727
1776577642,redis-server,1.5999999999999979
1776577672,redis-server,1.5999999999999979
1776577702,redis-server,1.6363636363636338
1776577732,redis-server,1.5818181818181836
1776577762,redis-server,1.5999999999999979
1776577792,redis-server,1.6363636363636338
1776577822,redis-server,1.6909090909090967
1776577852,redis-server,1.6545454545454548
1776577882,redis-server,1.6727272727272757
1776577912,redis-server,1.672727272727269
1776577942,redis-server,1.6727272727272757
1776577972,redis-server,1.6363636363636338
1776578002,redis-server,1.6363636363636402
1776578032,redis-server,1.5272727272727333
1776578062,redis-server,1.5636363636363626
1776578092,redis-server,1.5454545454545543
1776578122,redis-server,1.6181818181818193
1776578152,redis-server,1.4363636363636347
1776578182,redis-server,0.5454545454545532
1776578212,redis-server,0.0545454545454437
1776578242,redis-server,0.7090909090909101
1776578272,redis-server,1.6363636363636465
1776578302,redis-server,1.69090909090909
1776578332,redis-server,1.5999999999999917
1776578362,redis-server,1.5636363636363626
1776578392,redis-server,1.1999999999999937
1776578422,redis-server,0.3636363636363688
1776575002,sshd,0
1776575032,sshd,0
1776575062,sshd,0
1776575092,sshd,0
1776575122,sshd,0
1776575152,sshd,0
1776575182,sshd,0
1776575212,sshd,0
1776575242,sshd,0
1776575272,sshd,0
1776575302,sshd,0
1776575332,sshd,0
1776575362,sshd,0
1776575392,sshd,0
1776575422,sshd,0
1776575452,sshd,0
1776575482,sshd,0
1776575512,sshd,0
1776575542,sshd,0
1776575572,sshd,0
1776575602,sshd,0
1776575632,sshd,0
1776575662,sshd,0
1776575692,sshd,0
1776575722,sshd,0
1776575752,sshd,0
1776575782,sshd,0
1776575812,sshd,0
1776575842,sshd,0
1776575872,sshd,0
1776575902,sshd,0
1776575932,sshd,0
1776575962,sshd,0
1776575992,sshd,0
1776576022,sshd,0
1776576052,sshd,0
1776576082,sshd,0
1776576112,sshd,0
1776576142,sshd,0
1776576172,sshd,0
1776576202,sshd,0
1776576232,sshd,0
1776576262,sshd,0
1776576292,sshd,0
1776576322,sshd,0
1776576352,sshd,0
1776576382,sshd,0
1776576412,sshd,0
1776576442,sshd,0
1776576472,sshd,0
1776576502,sshd,0
1776576532,sshd,0
1776576562,sshd,0
1776576592,sshd,0
1776576622,sshd,0
1776576652,sshd,0
1776576682,sshd,0
1776576712,sshd,0
1776576742,sshd,0
1776576772,sshd,0
1776576802,sshd,0
1776576832,sshd,0
1776576862,sshd,0
1776576892,sshd,0
1776576922,sshd,0
1776576952,sshd,0
1776576982,sshd,0
1776577012,sshd,0
1776577042,sshd,0
1776577072,sshd,0
1776577102,sshd,0
1776577132,sshd,0
1776577162,sshd,0
1776577192,sshd,0
1776577222,sshd,0
1776577252,sshd,0
1776577282,sshd,0
1776577312,sshd,0
1776577342,sshd,0
1776577372,sshd,0
1776577402,sshd,0
1776577432,sshd,0
1776577462,sshd,0
1776577492,sshd,0
1776577522,sshd,0
1776577552,sshd,0
1776577582,sshd,0
1776577612,sshd,0
1776577642,sshd,0
1776577672,sshd,0
1776577702,sshd,0
1776577732,sshd,0
1776577762,sshd,0
1776577792,sshd,0
1776577822,sshd,0
1776577852,sshd,0
1776577882,sshd,0
1776577912,sshd,0
1776577942,sshd,0
1776577972,sshd,0
1776578002,sshd,0
1776578032,sshd,0
1776578062,sshd,0
1776578092,sshd,0
1776578122,sshd,0
1776578152,sshd,0
1776578182,sshd,0
1776578212,sshd,0
1776578242,sshd,0
1776578272,sshd,0
1776578302,sshd,0
1776578332,sshd,0
1776578362,sshd,0
1776578392,sshd,0
1776578422,sshd,0
1776575002,sshd,0
1776575032,sshd,0
1776575062,sshd,0
1776575092,sshd,0
1776575122,sshd,0
1776575152,sshd,0
1776575182,sshd,0
1776575212,sshd,0
1776575242,sshd,0
1776575272,sshd,0
1776575302,sshd,0
1776575332,sshd,0
1776575362,sshd,0
1776575392,sshd,0
1776575422,sshd,0
1776575452,sshd,0
1776575482,sshd,0
1776575512,sshd,0
1776575542,sshd,0
1776575572,sshd,0
1776575602,sshd,0
1776575632,sshd,0
1776575662,sshd,0
1776575692,sshd,0
1776575722,sshd,0
1776575752,sshd,0
1776575782,sshd,0
1776575812,sshd,0
1776575842,sshd,0
1776575872,sshd,0
1776575902,sshd,0
1776575932,sshd,0
1776575962,sshd,0
1776575992,sshd,0
1776576022,sshd,0
1776576052,sshd,0
1776576082,sshd,0
1776576112,sshd,0
1776576142,sshd,0
1776576172,sshd,0
1776576202,sshd,0
1776576232,sshd,0
1776576262,sshd,0
1776576292,sshd,0
1776576322,sshd,0
1776576352,sshd,0
1776576382,sshd,0
1776576412,sshd,0
1776576442,sshd,0
1776576472,sshd,0
1776576502,sshd,0
1776576532,sshd,0
1776576562,sshd,0
1776576592,sshd,0
1776576622,sshd,0
1776576652,sshd,0
1776576682,sshd,0
1776576712,sshd,0
1776576742,sshd,0
1776576772,sshd,0
1776576802,sshd,0
1776576832,sshd,0
1776576862,sshd,0
1776576892,sshd,0
1776576922,sshd,0
1776576952,sshd,0
1776576982,sshd,0
1776577012,sshd,0
1776577042,sshd,0
1776577072,sshd,0
1776577102,sshd,0
1776577132,sshd,0
1776577162,sshd,0
1776577192,sshd,0
1776577222,sshd,0
1776577252,sshd,0
1776577282,sshd,0
1776577312,sshd,0
1776577342,sshd,0
1776577372,sshd,0
1776577402,sshd,0
1776577432,sshd,0
1776577462,sshd,0
1776577492,sshd,0
1776577522,sshd,0
1776577552,sshd,0
1776577582,sshd,0
1776577612,sshd,0
1776577642,sshd,0
1776577672,sshd,0
1776577702,sshd,0
1776577732,sshd,0
1776577762,sshd,0
1776577792,sshd,0
1776577822,sshd,0
1776577852,sshd,0
1776577882,sshd,0
1776577912,sshd,0
1776577942,sshd,0
1776577972,sshd,0
1776578002,sshd,0
1776578032,sshd,0
1776578062,sshd,0
1776578092,sshd,0
1776578122,sshd,0
1776578152,sshd,0
1776578182,sshd,0
1776578212,sshd,0
1776578242,sshd,0
1776578272,sshd,0
1776578302,sshd,0
1776578332,sshd,0
1776578362,sshd,0
1776578392,sshd,0
1776578422,sshd,0
1776575002,systemd,0.0384426666666667
1776575032,systemd,0.05454545454545459
1776575062,systemd,0.03636363636363629
1776575092,systemd,0.03636363636363629
1776575122,systemd,0.0181818181818182
1776575152,systemd,0.0363636363636364
1776575182,systemd,0.0363636363636364
1776575212,systemd,0
1776575242,systemd,0.0181818181818182
1776575272,systemd,0.0181818181818182
1776575302,systemd,0.0363636363636364
1776575332,systemd,0.0181818181818182
1776575362,systemd,0.0181818181818182
1776575392,systemd,0
1776575422,systemd,0.0181818181818182
1776575452,systemd,0.0181818181818182
1776575482,systemd,0.0181818181818182
1776575512,systemd,0.07272727272727258
1776575542,systemd,0.07272727272727258
1776575572,systemd,0.0181818181818182
1776575602,systemd,0.0181818181818182
1776575632,systemd,0.0363636363636364
1776575662,systemd,0.0363636363636364
1776575692,systemd,0.0181818181818182
1776575722,systemd,0.0181818181818182
1776575752,systemd,0.0181818181818182
1776575782,systemd,0.0181818181818182
1776575812,systemd,0.0363636363636364
1776575842,systemd,0.0363636363636364
1776575872,systemd,0.0363636363636364
1776575902,systemd,0.0181818181818182
1776575932,systemd,0
1776575962,systemd,0.0181818181818182
1776575992,systemd,0.018181818181817997
1776576022,systemd,0.0181818181818182
1776576052,systemd,0.0363636363636364
1776576082,systemd,0.0363636363636364
1776576112,systemd,0.0363636363636364
1776576142,systemd,0.0181818181818182
1776576172,systemd,0.0181818181818182
1776576202,systemd,0.0181818181818182
1776576232,systemd,0.0181818181818182
1776576262,systemd,0.0363636363636364
1776576292,systemd,0.0181818181818182
1776576322,systemd,0.0181818181818182
1776576352,systemd,0.0363636363636364
1776576382,systemd,0.0181818181818182
1776576412,systemd,0.0181818181818182
1776576442,systemd,0.0181818181818182
1776576472,systemd,0.0181818181818182
1776576502,systemd,0.036363636363636195
1776576532,systemd,0
1776576562,systemd,0.0181818181818182
1776576592,systemd,0.0181818181818182
1776576622,systemd,0.0181818181818182
1776576652,systemd,0.0181818181818182
1776576682,systemd,0.0181818181818182
1776576712,systemd,0.0181818181818182
1776576742,systemd,0.0181818181818182
1776576772,systemd,0.0181818181818182
1776576802,systemd,0
1776576832,systemd,0.0181818181818182
1776576862,systemd,0.0181818181818182
1776576892,systemd,0.0181818181818182
1776576922,systemd,0.0363636363636364
1776576952,systemd,0.05454545454545459
1776576982,systemd,0.0363636363636364
1776577012,systemd,0.0181818181818182
1776577042,systemd,0.018181818181817997
1776577072,systemd,0.018181818181817997
1776577102,systemd,0.0181818181818182
1776577132,systemd,0
1776577162,systemd,0.0181818181818182
1776577192,systemd,0.0363636363636364
1776577222,systemd,0.0363636363636364
1776577252,systemd,0.0181818181818182
1776577282,systemd,0.0181818181818182
1776577312,systemd,0.0363636363636364
1776577342,systemd,0.0363636363636364
1776577372,systemd,0.0181818181818182
1776577402,systemd,0.0181818181818182
1776577432,systemd,0.0363636363636364
1776577462,systemd,0.0181818181818182
1776577492,systemd,0.0181818181818182
1776577522,systemd,0.0181818181818182
1776577552,systemd,0.0363636363636364
1776577582,systemd,0.0363636363636364
1776577612,systemd,0.0181818181818182
1776577642,systemd,0.0181818181818182
1776577672,systemd,0.0363636363636364
1776577702,systemd,0.0181818181818182
1776577732,systemd,0.0181818181818182
1776577762,systemd,0.0181818181818182
1776577792,systemd,0
1776577822,systemd,0.0181818181818182
1776577852,systemd,0.0363636363636364
1776577882,systemd,0.0181818181818182
1776577912,systemd,0.018181818181817792
1776577942,systemd,0.018181818181817792
1776577972,systemd,0
1776578002,systemd,0.0181818181818182
1776578032,systemd,0.0181818181818182
1776578062,systemd,0.0181818181818182
1776578092,systemd,0.0181818181818182
1776578122,systemd,0.0363636363636364
1776578152,systemd,0.0181818181818182
1776578182,systemd,0
1776578212,systemd,0.05454545454545459
1776578242,systemd,0.05454545454545459
1776578272,systemd,0.0363636363636364
1776578302,systemd,0
1776578332,systemd,0.0181818181818182
1776578362,systemd,0.0363636363636364
1776578392,systemd,0.0181818181818182
1776578422,systemd,0.0181818181818182
1776575002,systemd,0.13454933333333338
1776575032,systemd,0.14545454545454545
1776575062,systemd,0.12727272727272723
1776575092,systemd,0.1272727272727273
1776575122,systemd,0.054545454545454536
1776575152,systemd,0.14545454545454542
1776575182,systemd,0.14545454545454548
1776575212,systemd,0.0727272727272728
1776575242,systemd,0.05454545454545459
1776575272,systemd,0.03636363636363629
1776575302,systemd,0.03636363636363629
1776575332,systemd,0.05454545454545459
1776575362,systemd,0.05454545454545459
1776575392,systemd,0.0727272727272727
1776575422,systemd,0.054545454545454494
1776575452,systemd,0.0363636363636364
1776575482,systemd,0.0363636363636364
1776575512,systemd,0.10909090909090899
1776575542,systemd,0.10909090909090899
1776575572,systemd,0.0363636363636364
1776575602,systemd,0.05454545454545459
1776575632,systemd,0.0363636363636364
1776575662,systemd,0.0363636363636364
1776575692,systemd,0.05454545454545459
1776575722,systemd,0.0363636363636364
1776575752,systemd,0.05454545454545459
1776575782,systemd,0.0363636363636364
1776575812,systemd,0.0363636363636364
1776575842,systemd,0.05454545454545438
1776575872,systemd,0.05454545454545438
1776575902,systemd,0.0363636363636364
1776575932,systemd,0.05454545454545459
1776575962,systemd,0.05454545454545459
1776575992,systemd,0.05454545454545459
1776576022,systemd,0.05454545454545459
1776576052,systemd,0.05454545454545459
1776576082,systemd,0.0363636363636364
1776576112,systemd,0.036363636363636195
1776576142,systemd,0.05454545454545438
1776576172,systemd,0.0363636363636364
1776576202,systemd,0.0363636363636364
1776576232,systemd,0.0363636363636364
1776576262,systemd,0.1272727272727274
1776576292,systemd,0.05454545454545459
1776576322,systemd,0.05454545454545459
1776576352,systemd,0.05454545454545438
1776576382,systemd,0.036363636363636195
1776576412,systemd,0.0363636363636364
1776576442,systemd,0.05454545454545459
1776576472,systemd,0.05454545454545459
1776576502,systemd,0.05454545454545459
1776576532,systemd,0.05454545454545459
1776576562,systemd,0.05454545454545438
1776576592,systemd,0.036363636363636195
1776576622,systemd,0.05454545454545459
1776576652,systemd,0.0727272727272728
1776576682,systemd,0.05454545454545459
1776576712,systemd,0.0363636363636364
1776576742,systemd,0.0363636363636364
1776576772,systemd,0.0363636363636364
1776576802,systemd,0.0363636363636364
1776576832,systemd,0.0363636363636364
1776576862,systemd,0.0363636363636364
1776576892,systemd,0.0363636363636364
1776576922,systemd,0.10909090909090918
1776576952,systemd,0.1272727272727274
1776576982,systemd,0.0363636363636364
1776577012,systemd,0.05454545454545419
1776577042,systemd,0.0363636363636364
1776577072,systemd,0.0363636363636364
1776577102,systemd,0.0363636363636364
1776577132,systemd,0.05454545454545459
1776577162,systemd,0.0363636363636364
1776577192,systemd,0.05454545454545459
1776577222,systemd,0.0363636363636364
1776577252,systemd,0.0363636363636364
1776577282,systemd,0.05454545454545459
1776577312,systemd,0.05454545454545459
1776577342,systemd,0.0363636363636364
1776577372,systemd,0.05454545454545459
1776577402,systemd,0.05454545454545459
1776577432,systemd,0.0363636363636364
1776577462,systemd,0.0363636363636364
1776577492,systemd,0.05454545454545459
1776577522,systemd,0.0363636363636364
1776577552,systemd,0.14545454545454517
1776577582,systemd,0.14545454545454517
1776577612,systemd,0.05454545454545459
1776577642,systemd,0.05454545454545459
1776577672,systemd,0.05454545454545459
1776577702,systemd,0.05454545454545459
1776577732,systemd,0.05454545454545459
1776577762,systemd,0.05454545454545459
1776577792,systemd,0.0363636363636364
1776577822,systemd,0.05454545454545459
1776577852,systemd,0.0363636363636364
1776577882,systemd,0.05454545454545459
1776577912,systemd,0.05454545454545459
1776577942,systemd,0.05454545454545459
1776577972,systemd,0.0727272727272728
1776578002,systemd,0.05454545454545419
1776578032,systemd,0.05454545454545419
1776578062,systemd,0.0363636363636364
1776578092,systemd,0.0363636363636364
1776578122,systemd,0.05454545454545459
1776578152,systemd,0.05454545454545459
1776578182,systemd,0.05454545454545459
1776578212,systemd,0.10909090909090918
1776578242,systemd,0.1272727272727274
1776578272,systemd,0.05454545454545459
1776578302,systemd,0.05454545454545459
1776578332,systemd,0.05454545454545459
1776578362,systemd,0.05454545454545459
1776578392,systemd,0.036363636363635994
1776578422,systemd,0.036363636363635585
