1776538350,chronyd,0
1776538380,chronyd,0
1776538410,chronyd,0
1776538440,chronyd,0
1776538470,chronyd,0
1776538500,chronyd,0
1776538530,chronyd,0
1776538560,chronyd,0
1776538590,chronyd,0
1776538620,chronyd,0
1776538650,chronyd,0
1776538680,chronyd,0
1776538710,chronyd,0
1776538740,chronyd,0.017249999999999998
1776538770,chronyd,0.017249999999999998
1776538800,chronyd,0
1776538830,chronyd,0
1776538860,chronyd,0
1776538890,chronyd,0
1776538920,chronyd,0
1776538950,chronyd,0
1776538980,chronyd,0
1776539010,chronyd,0
1776539040,chronyd,0
1776539070,chronyd,0
1776539100,chronyd,0
1776539130,chronyd,0
1776539160,chronyd,0
1776539190,chronyd,0
1776539220,chronyd,0
1776539250,chronyd,0
1776539280,chronyd,0
1776539310,chronyd,0
1776539340,chronyd,0
1776539370,chronyd,0
1776539400,chronyd,0
1776539430,chronyd,0
1776539460,chronyd,0
1776539490,chronyd,0
1776539520,chronyd,0
1776539550,chronyd,0
1776539580,chronyd,0
1776539610,chronyd,0
1776539640,chronyd,0
1776539670,chronyd,0
1776539700,chronyd,0
1776539730,chronyd,0
1776539760,chronyd,0
1776539790,chronyd,0
1776539820,chronyd,0
1776539850,chronyd,0
1776539880,chronyd,0
1776539910,chronyd,0
1776539940,chronyd,0
1776539970,chronyd,0.01818181818181818
1776540000,chronyd,0
1776540030,chronyd,0
1776540060,chronyd,0
1776540090,chronyd,0
1776540120,chronyd,0
1776540150,chronyd,0
1776540180,chronyd,0
1776540210,chronyd,0
1776540240,chronyd,0
1776540270,chronyd,0
1776540300,chronyd,0
1776540330,chronyd,0
1776540360,chronyd,0
1776540390,chronyd,0
1776540420,chronyd,0
1776540450,chronyd,0
1776540480,chronyd,0
1776540510,chronyd,0
1776540540,chronyd,0
1776540570,chronyd,0
1776540600,chronyd,0
1776540630,chronyd,0
1776540660,chronyd,0
1776540690,chronyd,0
1776540720,chronyd,0
1776540750,chronyd,0
1776540780,chronyd,0
1776540810,chronyd,0
1776540840,chronyd,0
1776540870,chronyd,0
1776540900,chronyd,0
1776540930,chronyd,0
1776540960,chronyd,0
1776540990,chronyd,0
1776541020,chronyd,0
1776541050,chronyd,0
1776541080,chronyd,0
1776541110,chronyd,0
1776541140,chronyd,0
1776541170,chronyd,0
1776541200,chronyd,0
1776541230,chronyd,0
1776541260,chronyd,0
1776541290,chronyd,0
1776541320,chronyd,0
1776541350,chronyd,0
1776541380,chronyd,0
1776541410,chronyd,0
1776541440,chronyd,0
1776541470,chronyd,0
1776541500,chronyd,0
1776541530,chronyd,0
1776541560,chronyd,0
1776541590,chronyd,0
1776541620,chronyd,0
1776541650,chronyd,0
1776541680,chronyd,0
1776541710,chronyd,0
1776541740,chronyd,0
1776541770,chronyd,0
1776538350,chronyd,0
1776538380,chronyd,0
1776538410,chronyd,0
1776538440,chronyd,0
1776538470,chronyd,0
1776538500,chronyd,0
1776538530,chronyd,0
1776538560,chronyd,0
1776538590,chronyd,0
1776538620,chronyd,0
1776538650,chronyd,0
1776538680,chronyd,0
1776538710,chronyd,0
1776538740,chronyd,0
1776538770,chronyd,0
1776538800,chronyd,0
1776538830,chronyd,0
1776538860,chronyd,0
1776538890,chronyd,0
1776538920,chronyd,0
1776538950,chronyd,0
1776538980,chronyd,0
1776539010,chronyd,0
1776539040,chronyd,0
1776539070,chronyd,0
1776539100,chronyd,0
1776539130,chronyd,0
1776539160,chronyd,0
1776539190,chronyd,0
1776539220,chronyd,0
1776539250,chronyd,0
1776539280,chronyd,0
1776539310,chronyd,0
1776539340,chronyd,0
1776539370,chronyd,0
1776539400,chronyd,0
1776539430,chronyd,0
1776539460,chronyd,0
1776539490,chronyd,0
1776539520,chronyd,0
1776539550,chronyd,0
1776539580,chronyd,0
1776539610,chronyd,0
1776539640,chronyd,0
1776539670,chronyd,0
1776539700,chronyd,0
1776539730,chronyd,0
1776539760,chronyd,0
1776539790,chronyd,0
1776539820,chronyd,0
1776539850,chronyd,0
1776539880,chronyd,0
1776539910,chronyd,0
1776539940,chronyd,0
1776539970,chronyd,0
1776540000,chronyd,0
1776540030,chronyd,0
1776540060,chronyd,0
1776540090,chronyd,0
1776540120,chronyd,0
1776540150,chronyd,0
1776540180,chronyd,0
1776540210,chronyd,0
1776540240,chronyd,0
1776540270,chronyd,0
1776540300,chronyd,0
1776540330,chronyd,0
1776540360,chronyd,0
1776540390,chronyd,0
1776540420,chronyd,0
1776540450,chronyd,0
1776540480,chronyd,0
1776540510,chronyd,0
1776540540,chronyd,0
1776540570,chronyd,0
1776540600,chronyd,0
1776540630,chronyd,0
1776540660,chronyd,0
1776540690,chronyd,0
1776540720,chronyd,0
1776540750,chronyd,0
1776540780,chronyd,0
1776540810,chronyd,0
1776540840,chronyd,0
1776540870,chronyd,0
1776540900,chronyd,0
1776540930,chronyd,0
1776540960,chronyd,0
1776540990,chronyd,0
1776541020,chronyd,0
1776541050,chronyd,0
1776541080,chronyd,0
1776541110,chronyd,0
1776541140,chronyd,0
1776541170,chronyd,0
1776541200,chronyd,0
1776541230,chronyd,0
1776541260,chronyd,0
1776541290,chronyd,0
1776541320,chronyd,0
1776541350,chronyd,0
1776541380,chronyd,0
1776541410,chronyd,0
1776541440,chronyd,0
1776541470,chronyd,0
1776541500,chronyd,0
1776541530,chronyd,0
1776541560,chronyd,0
1776541590,chronyd,0
1776541620,chronyd,0
1776541650,chronyd,0
1776541680,chronyd,0
1776541710,chronyd,0
1776541740,chronyd,0
1776541770,chronyd,0
1776538350,mysqld,0.7454333333333334
1776538380,mysqld,0.890909090909091
1776538410,mysqld,0.8727272727272731
1776538440,mysqld,0.8727272727272731
1776538470,mysqld,0.30909090909090936
1776538500,mysqld,0.7090909090909089
1776538530,mysqld,0.8181818181818185
1776538560,mysqld,0.4181818181818185
1776538590,mysqld,0.45454545454545575
1776538620,mysqld,0.43636363636363595
1776538650,mysqld,0.45454545454545375
1776538680,mysqld,0.4727272727272731
1776538710,mysqld,0.47272727272727233
1776538740,mysqld,0.5090909090909096
1776538770,mysqld,0.5090909090909087
1776538800,mysqld,0.3636363636363623
1776538830,mysqld,0.25454545454545396
1776538860,mysqld,0.7818181818181813
1776538890,mysqld,0.8909090909090913
1776538920,mysqld,0.5454545454545451
1776538950,mysqld,0.6727272727272737
1776538980,mysqld,0.7818181818181829
1776539010,mysqld,0.9272727272727285
1776539040,mysqld,1.0363636363636368
1776539070,mysqld,1.1818181818181825
1776539100,mysqld,1.2909090909090923
1776539130,mysqld,1.327272727272728
1776539160,mysqld,1.4181818181818202
1776539190,mysqld,1.5454545454545479
1776539220,mysqld,1.636363636363637
1776539250,mysqld,1.7999999999999972
1776539280,mysqld,1.8727272727272715
1776539310,mysqld,1.854545454545457
1776539340,mysqld,1.9636363636363605
1776539370,mysqld,2.0363636363636317
1776539400,mysqld,2.0181818181818136
1776539430,mysqld,2.0181818181818203
1776539460,mysqld,1.9818181818181846
1776539490,mysqld,1.709090909090908
1776539520,mysqld,0.9272727272727268
1776539550,mysqld,0.36363636363636553
1776539580,mysqld,0.7636363636363634
1776539610,mysqld,0.890909090909088
1776539640,mysqld,0.6363636363636291
1776539670,mysqld,1.0000000000000044
1776539700,mysqld,1.3818181818181878
1776539730,mysqld,1.5454545454545479
1776539760,mysqld,1.8000000000000003
1776539790,mysqld,2.0000000000000058
1776539820,mysqld,2.254545454545461
1776539850,mysqld,2.763636363636363
1776539880,mysqld,3.2909090909090817
1776539910,mysqld,3.836363636363629
1776539940,mysqld,4.599999999999995
1776539970,mysqld,5.581818181818175
1776540000,mysqld,6.200000000000006
1776540030,mysqld,6.509090909090906
1776540060,mysqld,7.272727272727265
1776540090,mysqld,7.636363636363634
1776540120,mysqld,7.545454545454536
1776540150,mysqld,7.636363636363629
1776540180,mysqld,6.4727272727272505
1776540210,mysqld,2.672727272727245
1776540240,mysqld,0.3090909090908864
1776540270,mysqld,0.8181818181818105
1776540300,mysqld,1.509090909090906
1776540330,mysqld,2.6363636363636282
1776540360,mysqld,4.818181818181815
1776540390,mysqld,6.800000000000003
1776540420,mysqld,7.599999999999999
1776540450,mysqld,7.599999999999999
1776540480,mysqld,7.490909090909099
1776540510,mysqld,7.67272727272727
1776540540,mysqld,7.67272727272727
1776540570,mysqld,7.472727272727271
1776540600,mysqld,7.4727272727272585
1776540630,mysqld,7.563636363636345
1776540660,mysqld,7.618181818181815
1776540690,mysqld,7.672727272727258
1776540720,mysqld,7.563636363636331
1776540750,mysqld,7.581818181818184
1776540780,mysqld,7.709090909090925
1776540810,mysqld,5.4000000000000234
1776540840,mysqld,1.3999999999999668
1776540870,mysqld,0.2545454545454039
1776540900,mysqld,1.0727272727272787
1776540930,mysqld,1.5818181818181902
1776540960,mysqld,3.3272727272727494
1776540990,mysqld,5.672727272727307
1776541020,mysqld,7.4727272727272975
1776541050,mysqld,7.800000000000011
1776541080,mysqld,7.745454545454529
1776541110,mysqld,7.563636363636384
1776541140,mysqld,7.618181818181815
1776541170,mysqld,7.67272727272727
1776541200,mysqld,7.654545454545468
1776541230,mysqld,7.4363636363636685
1776541260,mysqld,7.472727272727246
1776541290,mysqld,7.600000000000012
1776541320,mysqld,7.818181818181813
1776541350,mysqld,7.8363636363636395
1776541380,mysqld,7.67272727272727
1776541410,mysqld,7.781818181818184
1776541440,mysqld,7.836363636363615
1776541470,mysqld,7.309090909090927
1776541500,mysqld,3.763636363636351
1776541530,mysqld,0.5090909090908335
1776541560,mysqld,1.0181818181818223
1776541590,mysqld,5.072727272727284
1776541620,mysqld,7.636363636363641
1776541650,mysqld,7.763636363636356
1776541680,mysqld,7.618181818181788
1776541710,mysqld,7.654545454545443
1776541740,mysqld,4.5999999999999766
1776541770,mysqld,0.599999999999971
1776538350,mysqld,1.0789166666666672
1776538380,mysqld,1.5090909090909095
1776538410,mysqld,1.345454545454546
1776538440,mysqld,1.3636363636363635
1776538470,mysqld,0.7272727272727266
1776538500,mysqld,1.127272727272725
1776538530,mysqld,1.363636363636362
1776538560,mysqld,1.0181818181818167
1776538590,mysqld,1.3454545454545426
1776538620,mysqld,1.4909090909090899
1776538650,mysqld,1.5090909090909093
1776538680,mysqld,1.4909090909090914
1776538710,mysqld,1.4909090909090914
1776538740,mysqld,1.4363636363636363
1776538770,mysqld,1.3999999999999977
1776538800,mysqld,1.0545454545454547
1776538830,mysqld,0.672727272727273
1776538860,mysqld,1.3090909090909102
1776538890,mysqld,1.690909090909095
1776538920,mysqld,1.6727272727272775
1776538950,mysqld,2.2727272727272694
1776538980,mysqld,2.8181818181818095
1776539010,mysqld,3.254545454545453
1776539040,mysqld,3.781818181818182
1776539070,mysqld,4.145454545454547
1776539100,mysqld,4.436363636363645
1776539130,mysqld,4.83636363636363
1776539160,mysqld,5.1272727272727145
1776539190,mysqld,5.490909090909077
1776539220,mysqld,5.6909090909090825
1776539250,mysqld,6.054545454545457
1776539280,mysqld,6.3818181818181845
1776539310,mysqld,6.909090909090911
1776539340,mysqld,7.327272727272723
1776539370,mysqld,7.527272727272728
1776539400,mysqld,7.581818181818184
1776539430,mysqld,7.509090909090914
1776539460,mysqld,7.581818181818184
1776539490,mysqld,6.41818181818182
1776539520,mysqld,3.5090909090909213
1776539550,mysqld,1.3090909090909069
1776539580,mysqld,1.2545454545454504
1776539610,mysqld,1.5636363636363626
1776539640,mysqld,2.1454545454545575
1776539670,mysqld,3.5818181818182055
1776539700,mysqld,4.618181818181816
1776539730,mysqld,5.38181818181817
1776539760,mysqld,6.14545454545455
1776539790,mysqld,7.109090909090902
1776539820,mysqld,8.618181818181808
1776539850,mysqld,10.23636363636364
1776539880,mysqld,11.800000000000017
1776539910,mysqld,13.709090909090921
1776539940,mysqld,16.636363636363647
1776539970,mysqld,20.181818181818144
1776540000,mysqld,23.890909090909012
1776540030,mysqld,28.090909090909015
1776540060,mysqld,30.67272727272723
1776540090,mysqld,31.163636363636364
1776540120,mysqld,31.10909090909091
1776540150,mysqld,31.072727272727224
1776540180,mysqld,26.763636363636383
1776540210,mysqld,11.090909090909234
1776540240,mysqld,1.0727272727273305
1776540270,mysqld,1.3818181818182684
1776540300,mysqld,3.7818181818182044
1776540330,mysqld,8.999999999999979
1776540360,mysqld,17.05454545454555
1776540390,mysqld,26.272727272727302
1776540420,mysqld,30.545454545454515
1776540450,mysqld,30.69090909090908
1776540480,mysqld,30.927272727272708
1776540510,mysqld,30.69090909090898
1776540540,mysqld,30.67272727272728
1776540570,mysqld,30.89090909090905
1776540600,mysqld,30.854545454545402
1776540630,mysqld,30.818181818181795
1776540660,mysqld,30.81818181818185
1776540690,mysqld,30.799999999999944
1776540720,mysqld,30.89090909090905
1776540750,mysqld,30.89090909090905
1776540780,mysqld,30.818181818181795
1776540810,mysqld,21.618181818181792
1776540840,mysqld,5.3818181818180415
1776540870,mysqld,0.7090909090908842
1776540900,mysqld,2.018181818181843
1776540930,mysqld,5.527272727272661
1776540960,mysqld,12.454545454545496
1776540990,mysqld,21.781818181818316
1776541020,mysqld,29.127272727272903
1776541050,mysqld,30.763636363636394
1776541080,mysqld,30.854545454545402
1776541110,mysqld,31.14545454545443
1776541140,mysqld,31.200000000000045
1776541170,mysqld,31.036363636363625
1776541200,mysqld,31.127272727272633
1776541230,mysqld,31.236363636363645
1776541260,mysqld,31.200000000000045
1776541290,mysqld,31.090909090909236
1776541320,mysqld,31.00000000000012
1776541350,mysqld,30.927272727272815
1776541380,mysqld,31.018181818181823
1776541410,mysqld,30.81818181818159
1776541440,mysqld,30.854545454545296
1776541470,mysqld,30.109090909090806
1776541500,mysqld,15.52727272727266
1776541530,mysqld,1.527272727272785
1776541560,mysqld,2.3090909090909792
1776541590,mysqld,19.054545454545384
1776541620,mysqld,31.45454545454527
1776541650,mysqld,31.436363636363467
1776541680,mysqld,31.436363636363566
1776541710,mysqld,31.436363636363673
1776541740,mysqld,19.109090909090995
1776541770,mysqld,2.2545454545453674
1776538350,nginx,0
1776538380,nginx,0.034499999999999996
1776538410,nginx,0.01818181818181818
1776538440,nginx,0.018181818181818177
1776538470,nginx,0.03636363636363637
1776538500,nginx,0.05454545454545456
1776538530,nginx,0.03636363636363637
1776538560,nginx,0.054545454545454515
1776538590,nginx,0.12727272727272726
1776538620,nginx,0.1272727272727273
1776538650,nginx,0.10909090909090914
1776538680,nginx,0.1272727272727274
1776538710,nginx,0.10909090909090907
1776538740,nginx,0.1272727272727273
1776538770,nginx,0.10909090909090918
1776538800,nginx,0.05454545454545459
1776538830,nginx,0.0363636363636364
1776538860,nginx,0.0181818181818182
1776538890,nginx,0.05454545454545459
1776538920,nginx,0.10909090909090918
1776538950,nginx,0.18181818181818196
1776538980,nginx,0.2545454545454548
1776539010,nginx,0.32727272727272755
1776539040,nginx,0.40000000000000036
1776539070,nginx,0.454545454545455
1776539100,nginx,0.4727272727272731
1776539130,nginx,0.454545454545455
1776539160,nginx,0.5272727272727273
1776539190,nginx,0.5272727272727273
1776539220,nginx,0.5818181818181823
1776539250,nginx,0.6181818181818183
1776539280,nginx,0.5999999999999996
1776539310,nginx,0.6181818181818187
1776539340,nginx,0.7454545454545457
1776539370,nginx,0.7818181818181822
1776539400,nginx,0.7636363636363634
1776539430,nginx,0.7454545454545457
1776539460,nginx,0.7636363636363651
1776539490,nginx,0.6545454545454551
1776539520,nginx,0.30909090909090814
1776539550,nginx,0.10909090909090838
1776539580,nginx,0.0363636363636364
1776539610,nginx,0.05454545454545419
1776539640,nginx,0.18181818181818116
1776539670,nginx,0.30909090909090814
1776539700,nginx,0.43636363636363595
1776539730,nginx,0.5636363636363613
1776539760,nginx,0.6181818181818163
1776539790,nginx,0.7090909090909101
1776539820,nginx,0.854545454545454
1776539850,nginx,1.054545454545453
1776539880,nginx,1.2909090909090908
1776539910,nginx,1.4545454545454573
1776539940,nginx,1.6909090909090918
1776539970,nginx,2.1090909090909107
1776540000,nginx,2.4363636363636423
1776540030,nginx,2.8909090909090973
1776540060,nginx,3.0909090909090957
1776540090,nginx,3.163636363636367
1776540120,nginx,3.1818181818181848
1776540150,nginx,3.0909090909090957
1776540180,nginx,2.654545454545459
1776540210,nginx,1.127272727272729
1776540240,nginx,0.05454545454545338
1776540270,nginx,0.036363636363635585
1776540300,nginx,0.27272727272727015
1776540330,nginx,0.92727272727273
1776540360,nginx,1.7090909090909114
1776540390,nginx,2.6181818181818204
1776540420,nginx,3.072727272727265
1776540450,nginx,3.0727272727272554
1776540480,nginx,3.0363636363636264
1776540510,nginx,3.072727272727262
1776540540,nginx,3.090909090909083
1776540570,nginx,3.072727272727262
1776540600,nginx,3.109090909090891
1776540630,nginx,3.1090909090908974
1776540660,nginx,3.1090909090909107
1776540690,nginx,3.0909090909090895
1776540720,nginx,3.072727272727262
1776540750,nginx,3.0727272727272683
1776540780,nginx,3.0909090909091024
1776540810,nginx,2.1454545454545513
1776540840,nginx,0.5272727272727321
1776540870,nginx,0.036363636363642045
1776540900,nginx,0.09090909090909866
1776540930,nginx,0.5090909090909111
1776540960,nginx,1.3272727272727152
1776540990,nginx,2.2363636363636306
1776541020,nginx,2.9090909090909114
1776541050,nginx,3.090909090909083
1776541080,nginx,3.0727272727272554
1776541110,nginx,3.127272727272712
1776541140,nginx,3.1818181818181692
1776541170,nginx,3.1636363636363414
1776541200,nginx,3.0909090909090704
1776541230,nginx,3.090909090909057
1776541260,nginx,3.054545454545441
1776541290,nginx,3.0909090909090957
1776541320,nginx,3.0909090909090704
1776541350,nginx,3.145454545454514
1776541380,nginx,3.1090909090909107
1776541410,nginx,3.1090909090909107
1776541440,nginx,3.1999999999999833
1776541470,nginx,2.927272727272726
1776541500,nginx,1.4545454545454621
1776541530,nginx,0.1272727272727278
1776541560,nginx,0.09090909090908574
1776541590,nginx,1.7090909090908921
1776541620,nginx,2.963636363636342
1776541650,nginx,2.890909090909084
1776541680,nginx,2.945454545454541
1776541710,nginx,2.9999999999999973
1776541740,nginx,1.8181818181818052
1776541770,nginx,0.2181818181818135
1776538350,nginx,0
1776538380,nginx,0
1776538410,nginx,0.017249999999999998
1776538440,nginx,0.01818181818181818
1776538470,nginx,0.018181818181818177
1776538500,nginx,0.018181818181818174
1776538530,nginx,0.018181818181818174
1776538560,nginx,0.054545454545454536
1776538590,nginx,0.05454545454545453
1776538620,nginx,0.07272727272727271
1776538650,nginx,0.07272727272727274
1776538680,nginx,0.10909090909090907
1776538710,nginx,0.09090909090909093
1776538740,nginx,0.09090909090909098
1776538770,nginx,0.09090909090909088
1776538800,nginx,0.054545454545454536
1776538830,nginx,0.0181818181818182
1776538860,nginx,0
1776538890,nginx,0.05454545454545459
1776538920,nginx,0.10909090909090918
1776538950,nginx,0.16363636363636377
1776538980,nginx,0.20000000000000004
1776539010,nginx,0.2545454545454546
1776539040,nginx,0.29090909090909084
1776539070,nginx,0.272727272727273
1776539100,nginx,0.32727272727272755
1776539130,nginx,0.3818181818181821
1776539160,nginx,0.41818181818181815
1776539190,nginx,0.45454545454545453
1776539220,nginx,0.43636363636363673
1776539250,nginx,0.49090909090909135
1776539280,nginx,0.5636363636363637
1776539310,nginx,0.6000000000000001
1776539340,nginx,0.5454545454545455
1776539370,nginx,0.5454545454545463
1776539400,nginx,0.5636363636363637
1776539430,nginx,0.5999999999999993
1776539460,nginx,0.5818181818181807
1776539490,nginx,0.49090909090909013
1776539520,nginx,0.25454545454545396
1776539550,nginx,0.05454545454545338
1776539580,nginx,0.036363636363635585
1776539610,nginx,0.036363636363635585
1776539640,nginx,0.12727272727272534
1776539670,nginx,0.29090909090908873
1776539700,nginx,0.3999999999999987
1776539730,nginx,0.3999999999999979
1776539760,nginx,0.4363636363636343
1776539790,nginx,0.5999999999999993
1776539820,nginx,0.6909090909090898
1776539850,nginx,0.7999999999999998
1776539880,nginx,0.8545454545454557
1776539910,nginx,1.0545454545454547
1776539940,nginx,1.3272727272727296
1776539970,nginx,1.5454545454545479
1776540000,nginx,1.836363636363636
1776540030,nginx,2.1272727272727288
1776540060,nginx,2.400000000000002
1776540090,nginx,2.5454545454545494
1776540120,nginx,2.4909090909090974
1776540150,nginx,2.581818181818188
1776540180,nginx,2.1818181818181803
1776540210,nginx,0.8363636363636345
1776540240,nginx,0.07272727272727117
1776540270,nginx,0.036363636363635585
1776540300,nginx,0.1999999999999957
1776540330,nginx,0.6727272727272713
1776540360,nginx,1.4000000000000024
1776540390,nginx,2.163636363636359
1776540420,nginx,2.599999999999999
1776540450,nginx,2.6727272727272737
1776540480,nginx,2.690909090909092
1776540510,nginx,2.636363636363635
1776540540,nginx,2.636363636363635
1776540570,nginx,2.636363636363632
1776540600,nginx,2.599999999999993
1776540630,nginx,2.5454545454545427
1776540660,nginx,2.6181818181818137
1776540690,nginx,2.636363636363635
1776540720,nginx,2.6545454545454494
1776540750,nginx,2.636363636363635
1776540780,nginx,2.4909090909090925
1776540810,nginx,1.7818181818181826
1776540840,nginx,0.4545454545454609
1776540870,nginx,0.036363636363642045
1776540900,nginx,0.09090909090909866
1776540930,nginx,0.45454545454545453
1776540960,nginx,0.9818181818181738
1776540990,nginx,1.672727272727269
1776541020,nginx,2.381818181818179
1776541050,nginx,2.599999999999999
1776541080,nginx,2.6545454545454494
1776541110,nginx,2.6181818181818137
1776541140,nginx,2.581818181818172
1776541170,nginx,2.636363636363635
1776541200,nginx,2.690909090909085
1776541230,nginx,2.654545454545443
1776541260,nginx,2.690909090909092
1776541290,nginx,2.6545454545454494
1776541320,nginx,2.6363636363636282
1776541350,nginx,2.6363636363636416
1776541380,nginx,2.6727272727272835
1776541410,nginx,2.6363636363636416
1776541440,nginx,2.5454545454545427
1776541470,nginx,2.5454545454545685
1776541500,nginx,1.3636363636363895
1776541530,nginx,0.10909090909090029
1776541560,nginx,0.09090909090908574
1776541590,nginx,1.3272727272727216
1776541620,nginx,2.3272727272727165
1776541650,nginx,2.3999999999999875
1776541680,nginx,2.3454545454545435
1776541710,nginx,2.3090909090909015
1776541740,nginx,1.381818181818178
1776541770,nginx,0.10909090909090029
1776538350,node_exporter,0.057374999999999995
1776538380,node_exporter,0.1272727272727273
1776538410,node_exporter,0.12727272727272726
1776538440,node_exporter,0.14545454545454548
1776538470,node_exporter,0.1272727272727273
1776538500,node_exporter,0.12727272727272723
1776538530,node_exporter,0.12727272727272732
1776538560,node_exporter,0.1272727272727273
1776538590,node_exporter,0.1272727272727273
1776538620,node_exporter,0.1272727272727273
1776538650,node_exporter,0.1272727272727273
1776538680,node_exporter,0.16363636363636358
1776538710,node_exporter,0.14545454545454548
1776538740,node_exporter,0.1454545454545456
1776538770,node_exporter,0.1454545454545454
1776538800,node_exporter,0.1454545454545454
1776538830,node_exporter,0.10909090909090918
1776538860,node_exporter,0.12727272727272718
1776538890,node_exporter,0.12727272727272718
1776538920,node_exporter,0.1272727272727274
1776538950,node_exporter,0.16363636363636358
1776538980,node_exporter,0.12727272727272718
1776539010,node_exporter,0.1272727272727274
1776539040,node_exporter,0.16363636363636358
1776539070,node_exporter,0.1454545454545454
1776539100,node_exporter,0.1454545454545456
1776539130,node_exporter,0.16363636363636377
1776539160,node_exporter,0.16363636363636336
1776539190,node_exporter,0.16363636363636336
1776539220,node_exporter,0.16363636363636377
1776539250,node_exporter,0.16363636363636377
1776539280,node_exporter,0.16363636363636377
1776539310,node_exporter,0.18181818181818155
1776539340,node_exporter,0.18181818181818155
1776539370,node_exporter,0.16363636363636377
1776539400,node_exporter,0.18181818181818196
1776539430,node_exporter,0.21818181818181798
1776539460,node_exporter,0.21818181818181798
1776539490,node_exporter,0.18181818181818196
1776539520,node_exporter,0.16363636363636377
1776539550,node_exporter,0.1454545454545456
1776539580,node_exporter,0.14545454545454517
1776539610,node_exporter,0.14545454545454517
1776539640,node_exporter,0.10909090909090918
1776539670,node_exporter,0.12727272727272698
1776539700,node_exporter,0.14545454545454517
1776539730,node_exporter,0.1454545454545456
1776539760,node_exporter,0.16363636363636336
1776539790,node_exporter,0.18181818181818196
1776539820,node_exporter,0.18181818181818116
1776539850,node_exporter,0.19999999999999973
1776539880,node_exporter,0.21818181818181837
1776539910,node_exporter,0.27272727272727254
1776539940,node_exporter,0.27272727272727254
1776539970,node_exporter,0.3272727272727267
1776540000,node_exporter,0.3272727272727267
1776540030,node_exporter,0.34545454545454535
1776540060,node_exporter,0.38181818181818256
1776540090,node_exporter,0.34545454545454535
1776540120,node_exporter,0.3636363636363639
1776540150,node_exporter,0.3636363636363631
1776540180,node_exporter,0.3636363636363639
1776540210,node_exporter,0.30909090909090897
1776540240,node_exporter,0.19999999999999973
1776540270,node_exporter,0.1454545454545456
1776540300,node_exporter,0.1454545454545456
1776540330,node_exporter,0.1454545454545456
1776540360,node_exporter,0.19999999999999973
1776540390,node_exporter,0.27272727272727254
1776540420,node_exporter,0.3818181818181817
1776540450,node_exporter,0.39999999999999947
1776540480,node_exporter,0.3818181818181817
1776540510,node_exporter,0.3454545454545445
1776540540,node_exporter,0.3636363636363639
1776540570,node_exporter,0.3636363636363639
1776540600,node_exporter,0.3636363636363623
1776540630,node_exporter,0.39999999999999947
1776540660,node_exporter,0.41818181818181727
1776540690,node_exporter,0.41818181818181727
1776540720,node_exporter,0.39999999999999947
1776540750,node_exporter,0.39999999999999947
1776540780,node_exporter,0.3818181818181817
1776540810,node_exporter,0.3454545454545461
1776540840,node_exporter,0.2727272727272734
1776540870,node_exporter,0.18181818181818277
1776540900,node_exporter,0.1454545454545456
1776540930,node_exporter,0.16363636363636336
1776540960,node_exporter,0.20000000000000057
1776540990,node_exporter,0.2909090909090912
1776541020,node_exporter,0.3818181818181817
1776541050,node_exporter,0.39999999999999947
1776541080,node_exporter,0.3636363636363623
1776541110,node_exporter,0.3636363636363639
1776541140,node_exporter,0.3818181818181817
1776541170,node_exporter,0.3818181818181817
1776541200,node_exporter,0.3818181818181817
1776541230,node_exporter,0.3818181818181817
1776541260,node_exporter,0.41818181818181727
1776541290,node_exporter,0.39999999999999947
1776541320,node_exporter,0.3818181818181817
1776541350,node_exporter,0.3636363636363639
1776541380,node_exporter,0.41818181818181727
1776541410,node_exporter,0.41818181818181727
1776541440,node_exporter,0.3636363636363639
1776541470,node_exporter,0.3636363636363623
1776541500,node_exporter,0.30909090909090897
1776541530,node_exporter,0.21818181818181837
1776541560,node_exporter,0.16363636363636336
1776541590,node_exporter,0.18181818181818277
1776541620,node_exporter,0.3090909090909105
1776541650,node_exporter,0.3454545454545461
1776541680,node_exporter,0.3454545454545445
1776541710,node_exporter,0.38181818181818333
1776541740,node_exporter,0.30909090909091214
1776541770,node_exporter,0.23636363636363455
1776538350,node_exporter,0.19509722222222226
1776538380,node_exporter,0.3789166666666666
1776538410,node_exporter,0.36363636363636365
1776538440,node_exporter,0.38181818181818183
1776538470,node_exporter,0.3999999999999999
1776538500,node_exporter,0.38181818181818195
1776538530,node_exporter,0.3636363636363637
1776538560,node_exporter,0.3636363636363637
1776538590,node_exporter,0.3999999999999999
1776538620,node_exporter,0.4181818181818179
1776538650,node_exporter,0.3999999999999999
1776538680,node_exporter,0.3636363636363639
1776538710,node_exporter,0.36363636363636354
1776538740,node_exporter,0.3818181818181821
1776538770,node_exporter,0.36363636363636354
1776538800,node_exporter,0.3818181818181817
1776538830,node_exporter,0.3818181818181817
1776538860,node_exporter,0.36363636363636354
1776538890,node_exporter,0.36363636363636354
1776538920,node_exporter,0.3636363636363631
1776538950,node_exporter,0.3636363636363639
1776538980,node_exporter,0.41818181818181815
1776539010,node_exporter,0.43636363636363595
1776539040,node_exporter,0.40000000000000036
1776539070,node_exporter,0.41818181818181815
1776539100,node_exporter,0.40000000000000036
1776539130,node_exporter,0.39999999999999947
1776539160,node_exporter,0.41818181818181893
1776539190,node_exporter,0.43636363636363595
1776539220,node_exporter,0.45454545454545453
1776539250,node_exporter,0.4727272727272731
1776539280,node_exporter,0.45454545454545453
1776539310,node_exporter,0.47272727272727233
1776539340,node_exporter,0.4545454545454553
1776539370,node_exporter,0.49090909090909174
1776539400,node_exporter,0.49090909090909174
1776539430,node_exporter,0.45454545454545453
1776539460,node_exporter,0.45454545454545453
1776539490,node_exporter,0.472727272727274
1776539520,node_exporter,0.43636363636363673
1776539550,node_exporter,0.41818181818181893
1776539580,node_exporter,0.3636363636363639
1776539610,node_exporter,0.3636363636363639
1776539640,node_exporter,0.43636363636363507
1776539670,node_exporter,0.41818181818181727
1776539700,node_exporter,0.43636363636363673
1776539730,node_exporter,0.45454545454545453
1776539760,node_exporter,0.43636363636363673
1776539790,node_exporter,0.47272727272727233
1776539820,node_exporter,0.49090909090909013
1776539850,node_exporter,0.49090909090909013
1776539880,node_exporter,0.49090909090909013
1776539910,node_exporter,0.5090909090909096
1776539940,node_exporter,0.5454545454545467
1776539970,node_exporter,0.49090909090909013
1776540000,node_exporter,0.5454545454545451
1776540030,node_exporter,0.5818181818181807
1776540060,node_exporter,0.5818181818181823
1776540090,node_exporter,0.5818181818181823
1776540120,node_exporter,0.5636363636363645
1776540150,node_exporter,0.5818181818181807
1776540180,node_exporter,0.6000000000000001
1776540210,node_exporter,0.5272727272727289
1776540240,node_exporter,0.45454545454545453
1776540270,node_exporter,0.40000000000000113
1776540300,node_exporter,0.3999999999999979
1776540330,node_exporter,0.47272727272727233
1776540360,node_exporter,0.5454545454545435
1776540390,node_exporter,0.6000000000000001
1776540420,node_exporter,0.6000000000000001
1776540450,node_exporter,0.6000000000000001
1776540480,node_exporter,0.6181818181818179
1776540510,node_exporter,0.6363636363636357
1776540540,node_exporter,0.6363636363636389
1776540570,node_exporter,0.6000000000000001
1776540600,node_exporter,0.6000000000000001
1776540630,node_exporter,0.5818181818181823
1776540660,node_exporter,0.5454545454545467
1776540690,node_exporter,0.5636363636363645
1776540720,node_exporter,0.6000000000000001
1776540750,node_exporter,0.5818181818181823
1776540780,node_exporter,0.6363636363636357
1776540810,node_exporter,0.6363636363636389
1776540840,node_exporter,0.5636363636363613
1776540870,node_exporter,0.43636363636363673
1776540900,node_exporter,0.3999999999999979
1776540930,node_exporter,0.43636363636363673
1776540960,node_exporter,0.45454545454545453
1776540990,node_exporter,0.5090909090909079
1776541020,node_exporter,0.5636363636363645
1776541050,node_exporter,0.5818181818181823
1776541080,node_exporter,0.6181818181818179
1776541110,node_exporter,0.6181818181818179
1776541140,node_exporter,0.6000000000000001
1776541170,node_exporter,0.6181818181818179
1776541200,node_exporter,0.6000000000000001
1776541230,node_exporter,0.6000000000000001
1776541260,node_exporter,0.6000000000000001
1776541290,node_exporter,0.6181818181818179
1776541320,node_exporter,0.6181818181818179
1776541350,node_exporter,0.6363636363636357
1776541380,node_exporter,0.5818181818181823
1776541410,node_exporter,0.5454545454545467
1776541440,node_exporter,0.6000000000000001
1776541470,node_exporter,0.6181818181818179
1776541500,node_exporter,0.5454545454545467
1776541530,node_exporter,0.45454545454545453
1776541560,node_exporter,0.40000000000000113
1776541590,node_exporter,0.47272727272727233
1776541620,node_exporter,0.5818181818181856
1776541650,node_exporter,0.6000000000000033
1776541680,node_exporter,0.6181818181818179
1776541710,node_exporter,0.5818181818181823
1776541740,node_exporter,0.5636363636363613
1776541770,node_exporter,0.4727272727272691
1776538350,other,0.22950000000000007
1776538380,other,0.3272727272727273
1776538410,other,0.3818181818181817
1776538440,other,0.309090909090909
1776538470,other,0.2545454545454546
1776538500,other,0.25454545454545463
1776538530,other,0.2909090909090912
1776538560,other,0.27272727272727276
1776538590,other,0.29090909090909095
1776538620,other,0.30909090909090914
1776538650,other,0.27272727272727276
1776538680,other,0.2909090909090908
1776538710,other,0.272727272727273
1776538740,other,0.2909090909090912
1776538770,other,0.30909090909090936
1776538800,other,0.30909090909090897
1776538830,other,0.30909090909090897
1776538860,other,0.32727272727272755
1776538890,other,0.32727272727272716
1776538920,other,0.34545454545454535
1776538950,other,0.32727272727272755
1776538980,other,0.3090909090909086
1776539010,other,0.29090909090909034
1776539040,other,0.30909090909090897
1776539070,other,0.29090909090908956
1776539100,other,0.29090909090908956
1776539130,other,0.30909090909090975
1776539160,other,0.3272727272727267
1776539190,other,0.3636363636363631
1776539220,other,0.2909090909090912
1776539250,other,0.29090909090909195
1776539280,other,0.30909090909090897
1776539310,other,0.3272727272727267
1776539340,other,0.30909090909090975
1776539370,other,0.2909090909090912
1776539400,other,0.30909090909090736
1776539430,other,0.27272727272727176
1776539460,other,0.3454545454545445
1776539490,other,0.3636363636363631
1776539520,other,0.30909090909090897
1776539550,other,0.2909090909090912
1776539580,other,0.30909090909090975
1776539610,other,0.30909090909090736
1776539640,other,0.27272727272727176
1776539670,other,0.3272727272727235
1776539700,other,0.3272727272727235
1776539730,other,0.30909090909090897
1776539760,other,0.3272727272727283
1776539790,other,0.3090909090909105
1776539820,other,0.30909090909090575
1776539850,other,0.3999999999999963
1776539880,other,0.3636363636363623
1776539910,other,0.3272727272727267
1776539940,other,0.3454545454545445
1776539970,other,0.3636363636363623
1776540000,other,0.3818181818181817
1776540030,other,0.45454545454545286
1776540060,other,0.6181818181818179
1776540090,other,0.6909090909090907
1776540120,other,0.690909090909089
1776540150,other,0.690909090909089
1776540180,other,0.6363636363636357
1776540210,other,0.49090909090909013
1776540240,other,0.3636363636363623
1776540270,other,0.3999999999999979
1776540300,other,0.4181818181818157
1776540330,other,0.39999999999999947
1776540360,other,0.4181818181818157
1776540390,other,0.49090909090909013
1776540420,other,0.690909090909089
1776540450,other,0.7818181818181813
1776540480,other,0.745454545454544
1776540510,other,0.7090909090909133
1776540540,other,0.7272727272727311
1776540570,other,0.7454545454545457
1776540600,other,0.7818181818181877
1776540630,other,0.7818181818181877
1776540660,other,0.7818181818181813
1776540690,other,0.7454545454545457
1776540720,other,0.7272727272727278
1776540750,other,0.7090909090909069
1776540780,other,0.7454545454545457
1776540810,other,0.6909090909090922
1776540840,other,0.49090909090909013
1776540870,other,0.3636363636363623
1776540900,other,0.3636363636363623
1776540930,other,0.3454545454545445
1776540960,other,0.3636363636363623
1776540990,other,0.41818181818181893
1776541020,other,0.5818181818181791
1776541050,other,0.7272727272727278
1776541080,other,0.7272727272727278
1776541110,other,0.7454545454545457
1776541140,other,0.7636363636363634
1776541170,other,0.7090909090909069
1776541200,other,0.7636363636363634
1776541230,other,0.7454545454545457
1776541260,other,0.7272727272727246
1776541290,other,0.7454545454545457
1776541320,other,0.781818181818178
1776541350,other,0.7454545454545457
1776541380,other,0.7090909090909069
1776541410,other,0.7090909090909101
1776541440,other,0.7636363636363602
1776541470,other,0.7999999999999989
1776541500,other,0.6363636363636357
1776541530,other,0.4727272727272691
1776541560,other,0.4181818181818157
1776541590,other,0.5818181818181823
1776541620,other,0.781818181818178
1776541650,other,0.7818181818181813
1776541680,other,0.7454545454545489
1776541710,other,0.7454545454545489
1776541740,other,0.672727272727281
1776541770,other,0.5090909090909111
1776538350,other,0.36337499999999995
1776538380,other,0.309090909090909
1776538410,other,0.309090909090909
1776538440,other,0.3454545454545455
1776538470,other,0.34545454545454574
1776538500,other,0.3636363636363639
1776538530,other,0.34545454545454574
1776538560,other,0.32727272727272755
1776538590,other,0.32727272727272716
1776538620,other,0.27272727272727254
1776538650,other,0.32727272727272716
1776538680,other,0.32727272727272716
1776538710,other,0.32727272727272755
1776538740,other,0.34545454545454574
1776538770,other,0.32727272727272716
1776538800,other,0.30909090909090897
1776538830,other,0.34545454545454574
1776538860,other,0.3454545454545449
1776538890,other,0.3272727272727267
1776538920,other,0.30909090909090814
1776538950,other,0.29090909090909195
1776538980,other,0.34545454545454535
1776539010,other,0.34545454545454374
1776539040,other,0.3272727272727283
1776539070,other,0.3272727272727283
1776539100,other,0.3454545454545461
1776539130,other,0.3454545454545461
1776539160,other,0.3090909090909105
1776539190,other,0.32727272727272755
1776539220,other,0.34545454545454535
1776539250,other,0.3818181818181817
1776539280,other,0.3636363636363639
1776539310,other,0.3636363636363623
1776539340,other,0.3999999999999987
1776539370,other,0.3636363636363631
1776539400,other,0.38181818181818256
1776539430,other,0.41818181818181727
1776539460,other,0.3818181818181817
1776539490,other,0.34545454545454535
1776539520,other,0.3272727272727267
1776539550,other,0.3454545454545461
1776539580,other,0.3272727272727267
1776539610,other,0.36363636363636553
1776539640,other,0.32727272727272994
1776539670,other,0.3090909090909105
1776539700,other,0.30909090909090897
1776539730,other,0.3272727272727283
1776539760,other,0.32727272727272994
1776539790,other,0.38181818181818494
1776539820,other,0.3454545454545461
1776539850,other,0.3454545454545461
1776539880,other,0.38181818181818333
1776539910,other,0.39999999999999947
1776539940,other,0.3636363636363607
1776539970,other,0.3818181818181817
1776540000,other,0.49090909090909174
1776540030,other,0.5999999999999984
1776540060,other,0.7090909090909084
1776540090,other,0.6545454545454519
1776540120,other,0.6545454545454519
1776540150,other,0.636363636363634
1776540180,other,0.6545454545454551
1776540210,other,0.45454545454545453
1776540240,other,0.30909090909091214
1776540270,other,0.38181818181818333
1776540300,other,0.3818181818181817
1776540330,other,0.41818181818181727
1776540360,other,0.47272727272727233
1776540390,other,0.4909090909090869
1776540420,other,0.6181818181818098
1776540450,other,0.6909090909090955
1776540480,other,0.7090909090909165
1776540510,other,0.7090909090909133
1776540540,other,0.6909090909090955
1776540570,other,0.6727272727272777
1776540600,other,0.6545454545454599
1776540630,other,0.6909090909090955
1776540660,other,0.6000000000000033
1776540690,other,0.6000000000000033
1776540720,other,0.6363636363636389
1776540750,other,0.6545454545454567
1776540780,other,0.6727272727272777
1776540810,other,0.6000000000000001
1776540840,other,0.40000000000000113
1776540870,other,0.36363636363636553
1776540900,other,0.36363636363636553
1776540930,other,0.36363636363636553
1776540960,other,0.45454545454545775
1776540990,other,0.5090909090909111
1776541020,other,0.5999999999999969
1776541050,other,0.690909090909089
1776541080,other,0.7636363636363634
1776541110,other,0.7272727272727246
1776541140,other,0.7090909090909069
1776541170,other,0.7090909090909069
1776541200,other,0.5999999999999969
1776541230,other,0.6181818181818147
1776541260,other,0.7272727272727246
1776541290,other,0.781818181818178
1776541320,other,0.7454545454545425
1776541350,other,0.7636363636363602
1776541380,other,0.690909090909089
1776541410,other,0.690909090909089
1776541440,other,0.6363636363636325
1776541470,other,0.6000000000000001
1776541500,other,0.47272727272727233
1776541530,other,0.3272727272727235
1776541560,other,0.30909090909090575
1776541590,other,0.5090909090909047
1776541620,other,0.7090909090909069
1776541650,other,0.6909090909090859
1776541680,other,0.6727272727272681
1776541710,other,0.7454545454545521
1776541740,other,0.6000000000000099
1776541770,other,0.38181818181819627
1776538350,php-fpm,0.19125
1776538380,php-fpm,0.32727272727272727
1776538410,php-fpm,0.3454545454545455
1776538440,php-fpm,0.29090909090909095
1776538470,php-fpm,0.29090909090909095
1776538500,php-fpm,0.21818181818181828
1776538530,php-fpm,0.23636363636363655
1776538560,php-fpm,0.4000000000000001
1776538590,php-fpm,0.672727272727273
1776538620,php-fpm,0.7090909090909097
1776538650,php-fpm,0.7272727272727278
1776538680,php-fpm,0.6909090909090915
1776538710,php-fpm,0.6909090909090915
1776538740,php-fpm,0.7090909090909093
1776538770,php-fpm,0.7090909090909084
1776538800,php-fpm,0.49090909090909013
1776538830,php-fpm,0.29090909090908956
1776538860,php-fpm,0.29090909090908956
1776538890,php-fpm,0.47272727272727155
1776538920,php-fpm,0.9454545454545455
1776538950,php-fpm,1.4181818181818178
1776538980,php-fpm,1.763636363636363
1776539010,php-fpm,2.1090909090909093
1776539040,php-fpm,2.5272727272727264
1776539070,php-fpm,2.818181818181816
1776539100,php-fpm,2.9272727272727246
1776539130,php-fpm,3.1818181818181817
1776539160,php-fpm,3.6181818181818195
1776539190,php-fpm,3.8181818181818143
1776539220,php-fpm,4.018181818181813
1776539250,php-fpm,4.363636363636368
1776539280,php-fpm,4.600000000000005
1776539310,php-fpm,5.018181818181818
1776539340,php-fpm,5.21818181818181
1776539370,php-fpm,5.399999999999998
1776539400,php-fpm,5.6363636363636385
1776539430,php-fpm,5.600000000000003
1776539460,php-fpm,5.3454545454545475
1776539490,php-fpm,4.709090909090909
1776539520,php-fpm,2.381818181818186
1776539550,php-fpm,0.6181818181818179
1776539580,php-fpm,0.2545454545454556
1776539610,php-fpm,0.47272727272727555
1776539640,php-fpm,1.3999999999999992
1776539670,php-fpm,2.599999999999993
1776539700,php-fpm,3.3454545454545515
1776539730,php-fpm,3.672727272727272
1776539760,php-fpm,4.199999999999991
1776539790,php-fpm,4.927272727272735
1776539820,php-fpm,6.254545454545463
1776539850,php-fpm,6.909090909090916
1776539880,php-fpm,8.509090909090922
1776539910,php-fpm,10.381818181818197
1776539940,php-fpm,11.381818181818165
1776539970,php-fpm,14.254545454545461
1776540000,php-fpm,17.181818181818198
1776540030,php-fpm,19.6
1776540060,php-fpm,22.090909090909115
1776540090,php-fpm,23.090909090909122
1776540120,php-fpm,23.290909090909068
1776540150,php-fpm,22.781818181818156
1776540180,php-fpm,18.9636363636364
1776540210,php-fpm,7.490909090909124
1776540240,php-fpm,0.36363636363634294
1776540270,php-fpm,0.3999999999999979
1776540300,php-fpm,2.3090909090909277
1776540330,php-fpm,6.672727272727276
1776540360,php-fpm,12.690909090909122
1776540390,php-fpm,19.109090909090916
1776540420,php-fpm,22.472727272727244
1776540450,php-fpm,23.127272727272725
1776540480,php-fpm,22.945454545454503
1776540510,php-fpm,22.12727272727268
1776540540,php-fpm,22.036363636363642
1776540570,php-fpm,22.836363636363743
1776540600,php-fpm,23.16363636363633
1776540630,php-fpm,22.818181818181735
1776540660,php-fpm,22.309090909090877
1776540690,php-fpm,23.054545454545465
1776540720,php-fpm,23.145454545454523
1776540750,php-fpm,22.818181818181785
1776540780,php-fpm,22.43636363636364
1776540810,php-fpm,15.23636363636363
1776540840,php-fpm,3.618181818181834
1776540870,php-fpm,0.2727272727272831
1776540900,php-fpm,0.8545454545454525
1776540930,php-fpm,4.145454545454599
1776540960,php-fpm,8.92727272727272
1776540990,php-fpm,15.58181818181817
1776541020,php-fpm,21.781818181818267
1776541050,php-fpm,22.9272727272728
1776541080,php-fpm,22.818181818181785
1776541110,php-fpm,22.672727272727215
1776541140,php-fpm,22.781818181818185
1776541170,php-fpm,23.32727272727275
1776541200,php-fpm,23.109090909090973
1776541230,php-fpm,23.072727272727267
1776541260,php-fpm,22.5090909090909
1776541290,php-fpm,22.83636363636364
1776541320,php-fpm,23.545454545454525
1776541350,php-fpm,23.309090909090894
1776541380,php-fpm,22.600000000000012
1776541410,php-fpm,22.600000000000012
1776541440,php-fpm,23.07272727272737
1776541470,php-fpm,22.21818181818187
1776541500,php-fpm,10.909090909091011
1776541530,php-fpm,0.8363636363635992
1776541560,php-fpm,0.9999999999999173
1776541590,php-fpm,12.854545454545441
1776541620,php-fpm,23.127272727272878
1776541650,php-fpm,23.38181818181831
1776541680,php-fpm,22.218181818181765
1776541710,php-fpm,21.76363636363631
1776541740,php-fpm,13.18181818181818
1776541770,php-fpm,1.2363636363635455
1776538350,php-fpm,2.3046250000000006
1776538380,php-fpm,4.854545454545455
1776538410,php-fpm,4.618181818181816
1776538440,php-fpm,4.599999999999998
1776538470,php-fpm,3.927272727272726
1776538500,php-fpm,3.58181818181818
1776538530,php-fpm,4.7818181818181795
1776538560,php-fpm,6.8181818181818175
1776538590,php-fpm,9.818181818181818
1776538620,php-fpm,11.054545454545451
1776538650,php-fpm,11.163636363636357
1776538680,php-fpm,11.23636363636363
1776538710,php-fpm,11.163636363636357
1776538740,php-fpm,11.181818181818166
1776538770,php-fpm,10.545454545454547
1776538800,php-fpm,6.781818181818188
1776538830,php-fpm,3.5818181818181922
1776538860,php-fpm,4.2363636363636585
1776538890,php-fpm,7.581818181818184
1776538920,php-fpm,13.709090909090907
1776538950,php-fpm,20.290909090909096
1776538980,php-fpm,25.854545454545452
1776539010,php-fpm,31.327272727272693
1776539040,php-fpm,37.01818181818179
1776539070,php-fpm,41.727272727272705
1776539100,php-fpm,42.21818181818182
1776539130,php-fpm,45.78181818181819
1776539160,php-fpm,52.7090909090909
1776539190,php-fpm,56.945454545454474
1776539220,php-fpm,59.54545454545449
1776539250,php-fpm,61.65454545454545
1776539280,php-fpm,65.61818181818182
1776539310,php-fpm,72.25454545454546
1776539340,php-fpm,74.2181818181818
1776539370,php-fpm,76.16363636363643
1776539400,php-fpm,79.07272727272728
1776539430,php-fpm,78.72727272727265
1776539460,php-fpm,74.1454545454544
1776539490,php-fpm,65.36363636363613
1776539520,php-fpm,32.70909090909072
1776539550,php-fpm,9.218181818181701
1776539580,php-fpm,3.927272727272566
1776539610,php-fpm,7.127272727272653
1776539640,php-fpm,19.290909090909114
1776539670,php-fpm,35.58181818181827
1776539700,php-fpm,47.981818181818156
1776539730,php-fpm,57.054545454545334
1776539760,php-fpm,62.05454545454544
1776539790,php-fpm,72.09090909090925
1776539820,php-fpm,92.00000000000024
1776539850,php-fpm,101.58181818181839
1776539880,php-fpm,119.74545454545455
1776539910,php-fpm,143.80000000000007
1776539940,php-fpm,159.2545454545457
1776539970,php-fpm,200.18181818181802
1776540000,php-fpm,243.6181818181816
1776540030,php-fpm,280.9818181818183
1776540060,php-fpm,312.96363636363634
1776540090,php-fpm,318.3272727272724
1776540120,php-fpm,320.0727272727272
1776540150,php-fpm,310.59999999999985
1776540180,php-fpm,257.7090909090905
1776540210,php-fpm,104.38181818181833
1776540240,php-fpm,6.309090909090545
1776540270,php-fpm,5.527272727272248
1776540300,php-fpm,33.09090909090876
1776540330,php-fpm,99.07272727272604
1776540360,php-fpm,180.99999999999906
1776540390,php-fpm,272.36363636363626
1776540420,php-fpm,316.7818181818178
1776540450,php-fpm,317.9090909090899
1776540480,php-fpm,320.14545454545436
1776540510,php-fpm,308.4727272727278
1776540540,php-fpm,304.21818181818213
1776540570,php-fpm,316.5636363636374
1776540600,php-fpm,319.9636363636372
1776540630,php-fpm,313.290909090909
1776540660,php-fpm,308.2545454545462
1776540690,php-fpm,317.4363636363647
1776540720,php-fpm,319.7272727272725
1776540750,php-fpm,317.1090909090906
1776540780,php-fpm,309.85454545454473
1776540810,php-fpm,212.49090909090887
1776540840,php-fpm,50.18181818181884
1776540870,php-fpm,4.0000000000004965
1776540900,php-fpm,12.490909090910545
1776540930,php-fpm,58.290909090909814
1776540960,php-fpm,126.6181818181824
1776540990,php-fpm,221.4000000000008
1776541020,php-fpm,302.72727272727275
1776541050,php-fpm,317.38181818181886
1776541080,php-fpm,316.67272727272825
1776541110,php-fpm,312.4545454545461
1776541140,php-fpm,308.96363636363685
1776541170,php-fpm,313.80000000000103
1776541200,php-fpm,317.6363636363658
1776541230,php-fpm,317.3636363636375
1776541260,php-fpm,308.3818181818184
1776541290,php-fpm,312.4727272727275
1776541320,php-fpm,317.43636363636386
1776541350,php-fpm,318.6909090909086
1776541380,php-fpm,307.98181818181877
1776541410,php-fpm,308.10909090909263
1776541440,php-fpm,316.80000000000126
1776541470,php-fpm,305.07272727272886
1776541500,php-fpm,153.10909090909428
1776541530,php-fpm,11.527272727272992
1776541560,php-fpm,14.581818181817322
1776541590,php-fpm,187.87272727272878
1776541620,php-fpm,320.7454545454559
1776541650,php-fpm,320.47272727272764
1776541680,php-fpm,316.49090909091024
1776541710,php-fpm,308.81818181818244
1776541740,php-fpm,186.32727272727027
1776541770,php-fpm,17.745454545451633
1776538350,qemu-ga,0
1776538380,qemu-ga,0.017249999999999998
1776538410,qemu-ga,0
1776538440,qemu-ga,0.01818181818181818
1776538470,qemu-ga,0
1776538500,qemu-ga,0.018181818181818177
1776538530,qemu-ga,0.018181818181818177
1776538560,qemu-ga,0
1776538590,qemu-ga,0.018181818181818184
1776538620,qemu-ga,0.018181818181818184
1776538650,qemu-ga,0.018181818181818184
1776538680,qemu-ga,0
1776538710,qemu-ga,0
1776538740,qemu-ga,0.018181818181818174
1776538770,qemu-ga,0.03636363636363637
1776538800,qemu-ga,0.0181818181818182
1776538830,qemu-ga,0.018181818181818174
1776538860,qemu-ga,0.018181818181818174
1776538890,qemu-ga,0
1776538920,qemu-ga,0.018181818181818174
1776538950,qemu-ga,0
1776538980,qemu-ga,0
1776539010,qemu-ga,0.0181818181818182
1776539040,qemu-ga,0
1776539070,qemu-ga,0
1776539100,qemu-ga,0
1776539130,qemu-ga,0.018181818181818174
1776539160,qemu-ga,0.018181818181818174
1776539190,qemu-ga,0.018181818181818174
1776539220,qemu-ga,0
1776539250,qemu-ga,0.0181818181818182
1776539280,qemu-ga,0.0181818181818182
1776539310,qemu-ga,0.0181818181818182
1776539340,qemu-ga,0.0181818181818182
1776539370,qemu-ga,0
1776539400,qemu-ga,0.018181818181818146
1776539430,qemu-ga,0.018181818181818146
1776539460,qemu-ga,0
1776539490,qemu-ga,0.0181818181818182
1776539520,qemu-ga,0.0181818181818182
1776539550,qemu-ga,0
1776539580,qemu-ga,0.0181818181818182
1776539610,qemu-ga,0
1776539640,qemu-ga,0
1776539670,qemu-ga,0
1776539700,qemu-ga,0
1776539730,qemu-ga,0.018181818181818146
1776539760,qemu-ga,0.018181818181818146
1776539790,qemu-ga,0
1776539820,qemu-ga,0.0181818181818182
1776539850,qemu-ga,0
1776539880,qemu-ga,0
1776539910,qemu-ga,0.0181818181818182
1776539940,qemu-ga,0.0181818181818182
1776539970,qemu-ga,0
1776540000,qemu-ga,0.018181818181818146
1776540030,qemu-ga,0.018181818181818146
1776540060,qemu-ga,0
1776540090,qemu-ga,0.0181818181818182
1776540120,qemu-ga,0.0181818181818182
1776540150,qemu-ga,0
1776540180,qemu-ga,0
1776540210,qemu-ga,0.0181818181818182
1776540240,qemu-ga,0.018181818181818146
1776540270,qemu-ga,0.018181818181818146
1776540300,qemu-ga,0.0181818181818182
1776540330,qemu-ga,0.0181818181818182
1776540360,qemu-ga,0
1776540390,qemu-ga,0.0181818181818182
1776540420,qemu-ga,0.0181818181818182
1776540450,qemu-ga,0
1776540480,qemu-ga,0.0181818181818182
1776540510,qemu-ga,0.0181818181818182
1776540540,qemu-ga,0.0181818181818182
1776540570,qemu-ga,0.0181818181818182
1776540600,qemu-ga,0
1776540630,qemu-ga,0
1776540660,qemu-ga,0.018181818181818098
1776540690,qemu-ga,0.018181818181818098
1776540720,qemu-ga,0
1776540750,qemu-ga,0.0181818181818182
1776540780,qemu-ga,0.0181818181818182
1776540810,qemu-ga,0
1776540840,qemu-ga,0
1776540870,qemu-ga,0.0181818181818182
1776540900,qemu-ga,0.0181818181818182
1776540930,qemu-ga,0.0181818181818182
1776540960,qemu-ga,0.0181818181818182
1776540990,qemu-ga,0
1776541020,qemu-ga,0.0181818181818182
1776541050,qemu-ga,0.0181818181818182
1776541080,qemu-ga,0
1776541110,qemu-ga,0
1776541140,qemu-ga,0
1776541170,qemu-ga,0.0181818181818182
1776541200,qemu-ga,0
1776541230,qemu-ga,0
1776541260,qemu-ga,0.018181818181818098
1776541290,qemu-ga,0.018181818181818098
1776541320,qemu-ga,0
1776541350,qemu-ga,0
1776541380,qemu-ga,0.0181818181818182
1776541410,qemu-ga,0.0181818181818182
1776541440,qemu-ga,0
1776541470,qemu-ga,0.0181818181818182
1776541500,qemu-ga,0.0181818181818182
1776541530,qemu-ga,0.0181818181818182
1776541560,qemu-ga,0.0181818181818182
1776541590,qemu-ga,0.0181818181818182
1776541620,qemu-ga,0.0181818181818182
1776541650,qemu-ga,0
1776541680,qemu-ga,0.0181818181818182
1776541710,qemu-ga,0.0181818181818182
1776541740,qemu-ga,0
1776541770,qemu-ga,0.018181818181818098
1776538350,qemu-ga,0
1776538380,qemu-ga,0.017249999999999998
1776538410,qemu-ga,0.017249999999999998
1776538440,qemu-ga,0
1776538470,qemu-ga,0.01818181818181818
1776538500,qemu-ga,0.036363636363636355
1776538530,qemu-ga,0.018181818181818177
1776538560,qemu-ga,0.018181818181818184
1776538590,qemu-ga,0.03636363636363637
1776538620,qemu-ga,0.018181818181818184
1776538650,qemu-ga,0.018181818181818174
1776538680,qemu-ga,0.018181818181818174
1776538710,qemu-ga,0.0181818181818182
1776538740,qemu-ga,0.0181818181818182
1776538770,qemu-ga,0.018181818181818174
1776538800,qemu-ga,0.018181818181818174
1776538830,qemu-ga,0.018181818181818174
1776538860,qemu-ga,0.018181818181818174
1776538890,qemu-ga,0.0181818181818182
1776538920,qemu-ga,0.03636363636363637
1776538950,qemu-ga,0.03636363636363635
1776538980,qemu-ga,0.018181818181818174
1776539010,qemu-ga,0.0181818181818182
1776539040,qemu-ga,0.0363636363636364
1776539070,qemu-ga,0.0181818181818182
1776539100,qemu-ga,0.018181818181818146
1776539130,qemu-ga,0
1776539160,qemu-ga,0.0181818181818182
1776539190,qemu-ga,0.0181818181818182
1776539220,qemu-ga,0.0181818181818182
1776539250,qemu-ga,0
1776539280,qemu-ga,0.018181818181818146
1776539310,qemu-ga,0.018181818181818146
1776539340,qemu-ga,0.0181818181818182
1776539370,qemu-ga,0
1776539400,qemu-ga,0.0181818181818182
1776539430,qemu-ga,0.0181818181818182
1776539460,qemu-ga,0.018181818181818146
1776539490,qemu-ga,0.018181818181818146
1776539520,qemu-ga,0.0181818181818182
1776539550,qemu-ga,0.0181818181818182
1776539580,qemu-ga,0.0181818181818182
1776539610,qemu-ga,0.018181818181818146
1776539640,qemu-ga,0.03636363636363635
1776539670,qemu-ga,0.0363636363636364
1776539700,qemu-ga,0.0363636363636364
1776539730,qemu-ga,0.0181818181818182
1776539760,qemu-ga,0.0181818181818182
1776539790,qemu-ga,0.0181818181818182
1776539820,qemu-ga,0
1776539850,qemu-ga,0.018181818181818098
1776539880,qemu-ga,0.0181818181818182
1776539910,qemu-ga,0.0181818181818182
1776539940,qemu-ga,0
1776539970,qemu-ga,0.0181818181818182
1776540000,qemu-ga,0.0181818181818182
1776540030,qemu-ga,0.0181818181818182
1776540060,qemu-ga,0.0181818181818182
1776540090,qemu-ga,0
1776540120,qemu-ga,0.0181818181818182
1776540150,qemu-ga,0
1776540180,qemu-ga,0.0181818181818182
1776540210,qemu-ga,0.0181818181818182
1776540240,qemu-ga,0.018181818181818098
1776540270,qemu-ga,0.018181818181818098
1776540300,qemu-ga,0.0181818181818182
1776540330,qemu-ga,0.0181818181818182
1776540360,qemu-ga,0
1776540390,qemu-ga,0.0181818181818182
1776540420,qemu-ga,0
1776540450,qemu-ga,0.0181818181818182
1776540480,qemu-ga,0
1776540510,qemu-ga,0.0181818181818182
1776540540,qemu-ga,0.0181818181818182
1776540570,qemu-ga,0
1776540600,qemu-ga,0.0181818181818182
1776540630,qemu-ga,0.03636363636363629
1776540660,qemu-ga,0.018181818181818098
1776540690,qemu-ga,0
1776540720,qemu-ga,0.0181818181818182
1776540750,qemu-ga,0.0181818181818182
1776540780,qemu-ga,0.0181818181818182
1776540810,qemu-ga,0.0363636363636364
1776540840,qemu-ga,0.0181818181818182
1776540870,qemu-ga,0.0181818181818182
1776540900,qemu-ga,0.0181818181818182
1776540930,qemu-ga,0.0181818181818182
1776540960,qemu-ga,0.0181818181818182
1776540990,qemu-ga,0.018181818181818098
1776541020,qemu-ga,0.018181818181818098
1776541050,qemu-ga,0.0181818181818182
1776541080,qemu-ga,0.0181818181818182
1776541110,qemu-ga,0.0181818181818182
1776541140,qemu-ga,0.0181818181818182
1776541170,qemu-ga,0.0181818181818182
1776541200,qemu-ga,0.0181818181818182
1776541230,qemu-ga,0.0181818181818182
1776541260,qemu-ga,0.0181818181818182
1776541290,qemu-ga,0.0181818181818182
1776541320,qemu-ga,0.0181818181818182
1776541350,qemu-ga,0.0181818181818182
1776541380,qemu-ga,0.0181818181818182
1776541410,qemu-ga,0.0181818181818182
1776541440,qemu-ga,0.0181818181818182
1776541470,qemu-ga,0.0181818181818182
1776541500,qemu-ga,0
1776541530,qemu-ga,0.0181818181818182
1776541560,qemu-ga,0.0181818181818182
1776541590,qemu-ga,0
1776541620,qemu-ga,0.018181818181817997
1776541650,qemu-ga,0
1776541680,qemu-ga,0.0181818181818182
1776541710,qemu-ga,0
1776541740,qemu-ga,0.0181818181818182
1776541770,qemu-ga,0.0181818181818182
1776538350,redis-server,0.023083333333333334
1776538380,redis-server,0.035166666666666666
1776538410,redis-server,0.054545454545454536
1776538440,redis-server,0.07272727272727271
1776538470,redis-server,0.07272727272727275
1776538500,redis-server,0.05454545454545457
1776538530,redis-server,0.03636363636363635
1776538560,redis-server,0.10909090909090911
1776538590,redis-server,0.14545454545454556
1776538620,redis-server,0.16363636363636377
1776538650,redis-server,0.18181818181818196
1776538680,redis-server,0.1454545454545456
1776538710,redis-server,0.1272727272727273
1776538740,redis-server,0.1272727272727273
1776538770,redis-server,0.1272727272727273
1776538800,redis-server,0.09090909090909098
1776538830,redis-server,0.05454545454545459
1776538860,redis-server,0.036363636363636494
1776538890,redis-server,0.09090909090909098
1776538920,redis-server,0.18181818181818196
1776538950,redis-server,0.30909090909090936
1776538980,redis-server,0.3818181818181821
1776539010,redis-server,0.43636363636363673
1776539040,redis-server,0.5272727272727277
1776539070,redis-server,0.563636363636364
1776539100,redis-server,0.6000000000000005
1776539130,redis-server,0.672727272727273
1776539160,redis-server,0.7454545454545453
1776539190,redis-server,0.8363636363636351
1776539220,redis-server,0.8363636363636363
1776539250,redis-server,0.836363636363637
1776539280,redis-server,0.9272727272727268
1776539310,redis-server,0.9272727272727276
1776539340,redis-server,0.9454545454545455
1776539370,redis-server,1.0181818181818183
1776539400,redis-server,1.0545454545454547
1776539430,redis-server,1.0727272727272732
1776539460,redis-server,1.1090909090909096
1776539490,redis-server,0.8909090909090913
1776539520,redis-server,0.43636363636363673
1776539550,redis-server,0.1272727272727278
1776539580,redis-server,0.05454545454545338
1776539610,redis-server,0.09090909090908897
1776539640,redis-server,0.2727272727272669
1776539670,redis-server,0.49090909090909013
1776539700,redis-server,0.6545454545454583
1776539730,redis-server,0.7636363636363651
1776539760,redis-server,0.8181818181818185
1776539790,redis-server,0.9818181818181803
1776539820,redis-server,1.2000000000000002
1776539850,redis-server,1.4545454545454573
1776539880,redis-server,1.727272727272726
1776539910,redis-server,2.0181818181818136
1776539940,redis-server,2.3999999999999972
1776539970,redis-server,2.8909090909090907
1776540000,redis-server,3.58181818181818
1776540030,redis-server,4.381818181818182
1776540060,redis-server,4.836363636363637
1776540090,redis-server,4.909090909090911
1776540120,redis-server,4.890909090909097
1776540150,redis-server,4.963636363636365
1776540180,redis-server,4.181818181818176
1776540210,redis-server,1.581818181818177
1776540240,redis-server,0.07272727272726472
1776540270,redis-server,0.07272727272727117
1776540300,redis-server,0.4181818181818254
1776540330,redis-server,1.2727272727272778
1776540360,redis-server,2.472727272727284
1776540390,redis-server,3.9818181818181904
1776540420,redis-server,4.836363636363637
1776540450,redis-server,5.018181818181814
1776540480,redis-server,5.054545454545449
1776540510,redis-server,5.127272727272728
1776540540,redis-server,5.036363636363649
1776540570,redis-server,4.963636363636371
1776540600,redis-server,4.9454545454545435
1776540630,redis-server,4.9454545454545435
1776540660,redis-server,4.945454545454556
1776540690,redis-server,4.981818181818198
1776540720,redis-server,5.036363636363629
1776540750,redis-server,5.109090909090913
1776540780,redis-server,5.090909090909099
1776540810,redis-server,3.490909090909094
1776540840,redis-server,0.7636363636363538
1776540870,redis-server,0.05454545454545661
1776540900,redis-server,0.2181818181818135
1776540930,redis-server,0.8181818181817975
1776540960,redis-server,1.8363636363636198
1776540990,redis-server,3.218181818181798
1776541020,redis-server,4.636363636363618
1776541050,redis-server,4.981818181818185
1776541080,redis-server,4.8545454545454705
1776541110,redis-server,5
1776541140,redis-server,5.072727272727258
1776541170,redis-server,5.036363636363629
1776541200,redis-server,4.963636363636358
1776541230,redis-server,4.927272727272729
1776541260,redis-server,4.8909090909090995
1776541290,redis-server,4.8000000000000265
1776541320,redis-server,4.90909090909094
1776541350,redis-server,5.036363636363655
1776541380,redis-server,5.054545454545482
1776541410,redis-server,4.981818181818224
1776541440,redis-server,5.000000000000025
1776541470,redis-server,4.872727272727259
1776541500,redis-server,2.3999999999999875
1776541530,redis-server,0.14545454545456818
1776541560,redis-server,0.21818181818185228
1776541590,redis-server,2.8000000000000114
1776541620,redis-server,4.7818181818181476
1776541650,redis-server,4.7454545454545185
1776541680,redis-server,4.927272727272715
1776541710,redis-server,4.9272727272726895
1776541740,redis-server,2.9090909090908985
1776541770,redis-server,0.2727272727272831
1776538350,redis-server,0
1776538380,redis-server,0.018773809523809522
1776538410,redis-server,0.054545454545454536
1776538440,redis-server,0.03636363636363637
1776538470,redis-server,0.018181818181818174
1776538500,redis-server,0.054545454545454536
1776538530,redis-server,0.054545454545454536
1776538560,redis-server,0.03636363636363635
1776538590,redis-server,0.09090909090909093
1776538620,redis-server,0.10909090909090918
1776538650,redis-server,0.09090909090909098
1776538680,redis-server,0.12727272727272732
1776538710,redis-server,0.1454545454545454
1776538740,redis-server,0.12727272727272723
1776538770,redis-server,0.1272727272727274
1776538800,redis-server,0.0727272727272727
1776538830,redis-server,0.018181818181818098
1776538860,redis-server,0.0363636363636364
1776538890,redis-server,0.0727272727272728
1776538920,redis-server,0.1272727272727274
1776538950,redis-server,0.18181818181818207
1776538980,redis-server,0.21818181818181845
1776539010,redis-server,0.272727272727273
1776539040,redis-server,0.34545454545454574
1776539070,redis-server,0.40000000000000036
1776539100,redis-server,0.4363636363636363
1776539130,redis-server,0.45454545454545436
1776539160,redis-server,0.4727272727272728
1776539190,redis-server,0.4727272727272731
1776539220,redis-server,0.5454545454545455
1776539250,redis-server,0.6181818181818183
1776539280,redis-server,0.6363636363636357
1776539310,redis-server,0.7090909090909084
1776539340,redis-server,0.7818181818181813
1776539370,redis-server,0.7636363636363634
1776539400,redis-server,0.7272727272727271
1776539430,redis-server,0.6909090909090907
1776539460,redis-server,0.672727272727273
1776539490,redis-server,0.6181818181818187
1776539520,redis-server,0.32727272727272755
1776539550,redis-server,0.0727272727272728
1776539580,redis-server,0.0727272727272728
1776539610,redis-server,0.10909090909090757
1776539640,redis-server,0.18181818181817955
1776539670,redis-server,0.3454545454545445
1776539700,redis-server,0.47272727272727233
1776539730,redis-server,0.5636363636363645
1776539760,redis-server,0.6909090909090922
1776539790,redis-server,0.7454545454545474
1776539820,redis-server,0.8909090909090913
1776539850,redis-server,1.0181818181818159
1776539880,redis-server,1.145454545454545
1776539910,redis-server,1.3090909090909133
1776539940,redis-server,1.6000000000000014
1776539970,redis-server,1.9818181818181784
1776540000,redis-server,2.3272727272727263
1776540030,redis-server,2.67272727272727
1776540060,redis-server,2.945454545454541
1776540090,redis-server,3.054545454545447
1776540120,redis-server,3.109090909090904
1776540150,redis-server,3.0000000000000004
1776540180,redis-server,2.545454545454546
1776540210,redis-server,1.0545454545454547
1776540240,redis-server,0.05454545454545338
1776540270,redis-server,0.1272727272727278
1776540300,redis-server,0.4181818181818157
1776540330,redis-server,0.9636363636363623
1776540360,redis-server,1.7818181818181793
1776540390,redis-server,2.7090909090909094
1776540420,redis-server,3.1818181818181817
1776540450,redis-server,3.054545454545441
1776540480,redis-server,3.2363636363636252
1776540510,redis-server,3.1454545454545393
1776540540,redis-server,3.0727272727272816
1776540570,redis-server,3.1818181818181817
1776540600,redis-server,3.1818181818181817
1776540630,redis-server,3.1818181818181883
1776540660,redis-server,3.1636363636363733
1776540690,redis-server,3.0909090909090957
1776540720,redis-server,3.0727272727272683
1776540750,redis-server,3.054545454545454
1776540780,redis-server,3.127272727272725
1776540810,redis-server,2.163636363636359
1776540840,redis-server,0.5090909090908982
1776540870,redis-server,0.2545454545454491
1776540900,redis-server,0.47272727272727555
1776540930,redis-server,0.5272727272727321
1776540960,redis-server,1.2363636363636359
1776540990,redis-server,2.1272727272727305
1776541020,redis-server,2.9090909090909047
1776541050,redis-server,3.3090909090909095
1776541080,redis-server,3.3090909090909095
1776541110,redis-server,3.0727272727272554
1776541140,redis-server,3.018181818181812
1776541170,redis-server,2.98181818181817
1776541200,redis-server,3.1090909090908974
1776541230,redis-server,3.145454545454514
1776541260,redis-server,3.1999999999999833
1776541290,redis-server,3.2545454545454398
1776541320,redis-server,3.1454545454545393
1776541350,redis-server,3.2000000000000224
1776541380,redis-server,3.0363636363636393
1776541410,redis-server,3.054545454545441
1776541440,redis-server,3.090909090909057
1776541470,redis-server,2.9090909090908856
1776541500,redis-server,1.472727272727251
1776541530,redis-server,0.10909090909091322
1776541560,redis-server,0.3636363636363688
1776541590,redis-server,2.072727272727248
1776541620,redis-server,3.1999999999999575
1776541650,redis-server,3.2545454545454264
1776541680,redis-server,3.1272727272726994
1776541710,redis-server,3.1090909090908716
1776541740,redis-server,1.8909090909090764
1776541770,redis-server,0.18181818181817147
1776538350,sshd,0
1776538380,sshd,0
1776538410,sshd,0
1776538440,sshd,0
1776538470,sshd,0
1776538500,sshd,0
1776538530,sshd,0
1776538560,sshd,0
1776538590,sshd,0
1776538620,sshd,0
1776538650,sshd,0
1776538680,sshd,0
1776538710,sshd,0
1776538740,sshd,0
1776538770,sshd,0
1776538800,sshd,0
1776538830,sshd,0
1776538860,sshd,0
1776538890,sshd,0
1776538920,sshd,0
1776538950,sshd,0
1776538980,sshd,0
1776539010,sshd,0
1776539040,sshd,0
1776539070,sshd,0
1776539100,sshd,0
1776539130,sshd,0
1776539160,sshd,0
1776539190,sshd,0
1776539220,sshd,0
1776539250,sshd,0
1776539280,sshd,0
1776539310,sshd,0
1776539340,sshd,0
1776539370,sshd,0
1776539400,sshd,0
1776539430,sshd,0
1776539460,sshd,0
1776539490,sshd,0
1776539520,sshd,0
1776539550,sshd,0
1776539580,sshd,0
1776539610,sshd,0
1776539640,sshd,0
1776539670,sshd,0
1776539700,sshd,0
1776539730,sshd,0
1776539760,sshd,0
1776539790,sshd,0
1776539820,sshd,0
1776539850,sshd,0
1776539880,sshd,0
1776539910,sshd,0
1776539940,sshd,0
1776539970,sshd,0
1776540000,sshd,0
1776540030,sshd,0
1776540060,sshd,0
1776540090,sshd,0
1776540120,sshd,0
1776540150,sshd,0
1776540180,sshd,0
1776540210,sshd,0
1776540240,sshd,0
1776540270,sshd,0
1776540300,sshd,0
1776540330,sshd,0
1776540360,sshd,0
1776540390,sshd,0
1776540420,sshd,0
1776540450,sshd,0
1776540480,sshd,0
1776540510,sshd,0
1776540540,sshd,0
1776540570,sshd,0
1776540600,sshd,0
1776540630,sshd,0
1776540660,sshd,0
1776540690,sshd,0
1776540720,sshd,0
1776540750,sshd,0
1776540780,sshd,0
1776540810,sshd,0
1776540840,sshd,0
1776540870,sshd,0
1776540900,sshd,0
1776540930,sshd,0
1776540960,sshd,0
1776540990,sshd,0
1776541020,sshd,0
1776541050,sshd,0
1776541080,sshd,0
1776541110,sshd,0
1776541140,sshd,0
1776541170,sshd,0
1776541200,sshd,0
1776541230,sshd,0
1776541260,sshd,0
1776541290,sshd,0
1776541320,sshd,0
1776541350,sshd,0
1776541380,sshd,0
1776541410,sshd,0
1776541440,sshd,0
1776541470,sshd,0
1776541500,sshd,0
1776541530,sshd,0
1776541560,sshd,0
1776541590,sshd,0
1776541620,sshd,0
1776541650,sshd,0
1776541680,sshd,0
1776541710,sshd,0
1776541740,sshd,0
1776541770,sshd,0
1776538350,sshd,0
1776538380,sshd,0
1776538410,sshd,0
1776538440,sshd,0
1776538470,sshd,0
1776538500,sshd,0
1776538530,sshd,0
1776538560,sshd,0
1776538590,sshd,0
1776538620,sshd,0
1776538650,sshd,0
1776538680,sshd,0
1776538710,sshd,0
1776538740,sshd,0
1776538770,sshd,0
1776538800,sshd,0
1776538830,sshd,0
1776538860,sshd,0
1776538890,sshd,0
1776538920,sshd,0
1776538950,sshd,0
1776538980,sshd,0
1776539010,sshd,0
1776539040,sshd,0
1776539070,sshd,0
1776539100,sshd,0
1776539130,sshd,0
1776539160,sshd,0
1776539190,sshd,0
1776539220,sshd,0
1776539250,sshd,0
1776539280,sshd,0
1776539310,sshd,0
1776539340,sshd,0
1776539370,sshd,0
1776539400,sshd,0
1776539430,sshd,0
1776539460,sshd,0
1776539490,sshd,0
1776539520,sshd,0
1776539550,sshd,0
1776539580,sshd,0
1776539610,sshd,0
1776539640,sshd,0
1776539670,sshd,0
1776539700,sshd,0
1776539730,sshd,0
1776539760,sshd,0
1776539790,sshd,0
1776539820,sshd,0
1776539850,sshd,0
1776539880,sshd,0
1776539910,sshd,0
1776539940,sshd,0
1776539970,sshd,0
1776540000,sshd,0
1776540030,sshd,0
1776540060,sshd,0
1776540090,sshd,0
1776540120,sshd,0
1776540150,sshd,0
1776540180,sshd,0
1776540210,sshd,0
1776540240,sshd,0
1776540270,sshd,0
1776540300,sshd,0
1776540330,sshd,0
1776540360,sshd,0
1776540390,sshd,0
1776540420,sshd,0
1776540450,sshd,0
1776540480,sshd,0
1776540510,sshd,0
1776540540,sshd,0
1776540570,sshd,0
1776540600,sshd,0
1776540630,sshd,0
1776540660,sshd,0
1776540690,sshd,0
1776540720,sshd,0
1776540750,sshd,0
1776540780,sshd,0
1776540810,sshd,0
1776540840,sshd,0
1776540870,sshd,0
1776540900,sshd,0
1776540930,sshd,0
1776540960,sshd,0
1776540990,sshd,0
1776541020,sshd,0
1776541050,sshd,0
1776541080,sshd,0
1776541110,sshd,0
1776541140,sshd,0
1776541170,sshd,0
1776541200,sshd,0
1776541230,sshd,0
1776541260,sshd,0
1776541290,sshd,0
1776541320,sshd,0
1776541350,sshd,0
1776541380,sshd,0
1776541410,sshd,0
1776541440,sshd,0
1776541470,sshd,0
1776541500,sshd,0
1776541530,sshd,0
1776541560,sshd,0
1776541590,sshd,0
1776541620,sshd,0
1776541650,sshd,0
1776541680,sshd,0
1776541710,sshd,0
1776541740,sshd,0
1776541770,sshd,0
1776538350,systemd,0.07649999999999996
1776538380,systemd,0.09090909090909088
1776538410,systemd,0.0727272727272728
1776538440,systemd,0.0363636363636364
1776538470,systemd,0
1776538500,systemd,0.03636363636363629
1776538530,systemd,0.03636363636363629
1776538560,systemd,0
1776538590,systemd,0.0181818181818182
1776538620,systemd,0.0181818181818182
1776538650,systemd,0.0181818181818182
1776538680,systemd,0.0181818181818182
1776538710,systemd,0.0181818181818182
1776538740,systemd,0.0181818181818182
1776538770,systemd,0.0181818181818182
1776538800,systemd,0.0181818181818182
1776538830,systemd,0.0181818181818182
1776538860,systemd,0.05454545454545459
1776538890,systemd,0.0363636363636364
1776538920,systemd,0.0181818181818182
1776538950,systemd,0.0181818181818182
1776538980,systemd,0.018181818181817997
1776539010,systemd,0.018181818181817997
1776539040,systemd,0.0181818181818182
1776539070,systemd,0.0181818181818182
1776539100,systemd,0
1776539130,systemd,0.0181818181818182
1776539160,systemd,0.0181818181818182
1776539190,systemd,0.0181818181818182
1776539220,systemd,0.0181818181818182
1776539250,systemd,0
1776539280,systemd,0.0181818181818182
1776539310,systemd,0.0181818181818182
1776539340,systemd,0.0181818181818182
1776539370,systemd,0.0181818181818182
1776539400,systemd,0.0181818181818182
1776539430,systemd,0.0181818181818182
1776539460,systemd,0.0181818181818182
1776539490,systemd,0.0363636363636364
1776539520,systemd,0.0181818181818182
1776539550,systemd,0.0181818181818182
1776539580,systemd,0.0181818181818182
1776539610,systemd,0.036363636363636195
1776539640,systemd,0.018181818181817997
1776539670,systemd,0.0181818181818182
1776539700,systemd,0.0181818181818182
1776539730,systemd,0.0181818181818182
1776539760,systemd,0.0181818181818182
1776539790,systemd,0.0363636363636364
1776539820,systemd,0.0181818181818182
1776539850,systemd,0.0181818181818182
1776539880,systemd,0.0181818181818182
1776539910,systemd,0.0181818181818182
1776539940,systemd,0.0181818181818182
1776539970,systemd,0.0181818181818182
1776540000,systemd,0.0181818181818182
1776540030,systemd,0.0363636363636364
1776540060,systemd,0.0181818181818182
1776540090,systemd,0.0181818181818182
1776540120,systemd,0.0181818181818182
1776540150,systemd,0.0181818181818182
1776540180,systemd,0.0363636363636364
1776540210,systemd,0.036363636363636195
1776540240,systemd,0.018181818181817997
1776540270,systemd,0.05454545454545459
1776540300,systemd,0.0727272727272728
1776540330,systemd,0.0181818181818182
1776540360,systemd,0.0181818181818182
1776540390,systemd,0.0181818181818182
1776540420,systemd,0.0181818181818182
1776540450,systemd,0.0363636363636364
1776540480,systemd,0.0363636363636364
1776540510,systemd,0.0181818181818182
1776540540,systemd,0
1776540570,systemd,0.0181818181818182
1776540600,systemd,0
1776540630,systemd,0.0181818181818182
1776540660,systemd,0.0363636363636364
1776540690,systemd,0.0181818181818182
1776540720,systemd,0.0181818181818182
1776540750,systemd,0.0181818181818182
1776540780,systemd,0.018181818181817997
1776540810,systemd,0.018181818181817997
1776540840,systemd,0.0181818181818182
1776540870,systemd,0.0727272727272728
1776540900,systemd,0.0727272727272728
1776540930,systemd,0.0181818181818182
1776540960,systemd,0.0181818181818182
1776540990,systemd,0.0363636363636364
1776541020,systemd,0.0363636363636364
1776541050,systemd,0.0181818181818182
1776541080,systemd,0.0181818181818182
1776541110,systemd,0.0181818181818182
1776541140,systemd,0.0181818181818182
1776541170,systemd,0.0363636363636364
1776541200,systemd,0.0181818181818182
1776541230,systemd,0.0181818181818182
1776541260,systemd,0.0363636363636364
1776541290,systemd,0.0181818181818182
1776541320,systemd,0.0181818181818182
1776541350,systemd,0.0181818181818182
1776541380,systemd,0.0181818181818182
1776541410,systemd,0.0363636363636364
1776541440,systemd,0.0181818181818182
1776541470,systemd,0
1776541500,systemd,0.0181818181818182
1776541530,systemd,0.0181818181818182
1776541560,systemd,0.05454545454545419
1776541590,systemd,0.05454545454545419
1776541620,systemd,0
1776541650,systemd,0.0181818181818182
1776541680,systemd,0
1776541710,systemd,0.0181818181818182
1776541740,systemd,0.0363636363636364
1776541770,systemd,0.0181818181818182
1776538350,systemd,0.11475000000000003
1776538380,systemd,0.10909090909090907
1776538410,systemd,0.1272727272727273
1776538440,systemd,0.14545454545454548
1776538470,systemd,0.054545454545454536
1776538500,systemd,0.14545454545454542
1776538530,systemd,0.14545454545454548
1776538560,systemd,0.0727272727272728
1776538590,systemd,0.05454545454545459
1776538620,systemd,0.03636363636363629
1776538650,systemd,0.054545454545454494
1776538680,systemd,0.05454545454545459
1776538710,systemd,0.0363636363636364
1776538740,systemd,0.0363636363636364
1776538770,systemd,0.03636363636363629
1776538800,systemd,0.0363636363636364
1776538830,systemd,0.05454545454545459
1776538860,systemd,0.1272727272727273
1776538890,systemd,0.12727272727272718
1776538920,systemd,0.03636363636363629
1776538950,systemd,0.05454545454545459
1776538980,systemd,0.05454545454545459
1776539010,systemd,0.0363636363636364
1776539040,systemd,0.05454545454545459
1776539070,systemd,0.05454545454545459
1776539100,systemd,0.05454545454545459
1776539130,systemd,0.05454545454545459
1776539160,systemd,0.0363636363636364
1776539190,systemd,0.05454545454545459
1776539220,systemd,0.0363636363636364
1776539250,systemd,0.05454545454545438
1776539280,systemd,0.05454545454545438
1776539310,systemd,0.05454545454545459
1776539340,systemd,0.0727272727272728
1776539370,systemd,0.05454545454545459
1776539400,systemd,0.05454545454545459
1776539430,systemd,0.0363636363636364
1776539460,systemd,0.05454545454545438
1776539490,systemd,0.036363636363636195
1776539520,systemd,0.0363636363636364
1776539550,systemd,0.0363636363636364
1776539580,systemd,0.1454545454545456
1776539610,systemd,0.16363636363636377
1776539640,systemd,0.0363636363636364
1776539670,systemd,0.0363636363636364
1776539700,systemd,0.05454545454545459
1776539730,systemd,0.036363636363636195
1776539760,systemd,0.036363636363636195
1776539790,systemd,0.0363636363636364
1776539820,systemd,0.05454545454545459
1776539850,systemd,0.0363636363636364
1776539880,systemd,0.05454545454545459
1776539910,systemd,0.05454545454545438
1776539940,systemd,0.05454545454545438
1776539970,systemd,0.0363636363636364
1776540000,systemd,0.0363636363636364
1776540030,systemd,0.05454545454545459
1776540060,systemd,0.05454545454545459
1776540090,systemd,0.05454545454545459
1776540120,systemd,0.0363636363636364
1776540150,systemd,0.05454545454545459
1776540180,systemd,0.05454545454545459
1776540210,systemd,0.0363636363636364
1776540240,systemd,0.0363636363636364
1776540270,systemd,0.1272727272727274
1776540300,systemd,0.1272727272727274
1776540330,systemd,0.05454545454545459
1776540360,systemd,0.07272727272727239
1776540390,systemd,0.07272727272727239
1776540420,systemd,0.05454545454545459
1776540450,systemd,0.0363636363636364
1776540480,systemd,0.0363636363636364
1776540510,systemd,0.05454545454545459
1776540540,systemd,0.0727272727272728
1776540570,systemd,0.05454545454545459
1776540600,systemd,0.05454545454545459
1776540630,systemd,0.05454545454545459
1776540660,systemd,0.05454545454545459
1776540690,systemd,0.0363636363636364
1776540720,systemd,0.05454545454545459
1776540750,systemd,0.05454545454545459
1776540780,systemd,0.05454545454545459
1776540810,systemd,0.0363636363636364
1776540840,systemd,0.0363636363636364
1776540870,systemd,0.10909090909090877
1776540900,systemd,0.14545454545454517
1776540930,systemd,0.05454545454545459
1776540960,systemd,0.05454545454545459
1776540990,systemd,0.05454545454545459
1776541020,systemd,0.05454545454545459
1776541050,systemd,0.05454545454545459
1776541080,systemd,0.05454545454545459
1776541110,systemd,0.05454545454545459
1776541140,systemd,0.0727272727272728
1776541170,systemd,0.05454545454545459
1776541200,systemd,0.05454545454545459
1776541230,systemd,0.0363636363636364
1776541260,systemd,0.05454545454545459
1776541290,systemd,0.05454545454545459
1776541320,systemd,0.05454545454545419
1776541350,systemd,0.05454545454545419
1776541380,systemd,0.05454545454545459
1776541410,systemd,0.05454545454545459
1776541440,systemd,0.0363636363636364
1776541470,systemd,0.05454545454545459
1776541500,systemd,0.05454545454545459
1776541530,systemd,0.0363636363636364
1776541560,systemd,0.1272727272727274
1776541590,systemd,0.1272727272727274
1776541620,systemd,0.05454545454545459
1776541650,systemd,0.036363636363635994
1776541680,systemd,0.05454545454545338
1776541710,systemd,0.05454545454545338
1776541740,systemd,0.05454545454545338
1776541770,systemd,0.036363636363635585
